Client Name,Client ID,Market,Status,State,Exchange,Effective Date,Original Effective Date,Cancellation Date,Product,Plan Name,New Business,Bill Status,Bill Due Date,Renewal Month,ACA,Family ID,Group Size,Writing Agent,Writing TIN,Paid Agent,Paid TIN,Parent Agent,Parent TIN,Reporting Agent,Reporting TIN,Funding Type
"Ahl, George",345W17844,Individual,Active,VA,On,01/01/2024,11/01/2023,12/31/2024,Medical,BZ HMO 9100/0%/9100 75A3-BZ HMO 8200/40%/9450 9BSZ,Y,Paid,08/01/2024,January,Y,-,-,Cheryl Mathison,FMKQPPNQWZ,Benavest Dba Ezhealthmart,JMJHQPNNTY,Benavest Dba Ezhealthmart,JMJHQPNNTY,-,-,-
"Al Hijjawi, Yazan",699W16674,Individual,Inactive,GA,On,01/01/2024,06/01/2023,03/01/2024,Dental,ANTHEM DENTAL FAMILY ENHANCED,N,Paid,02/01/2024,January,Y,-,-,Cheryl Mathison,FMKQPPNQWZ,Benavest Dba Ezhealthmart,JMJHQPNNTY,Benavest Dba Ezhealthmart,JMJHQPNNTY,-,-,-
"Arnette, Joyce",893W17881,Individual,Active,VA,On,01/01/2024,11/01/2023,12/31/2024,Medical,BZ HMO 5800/30%/9450 9BRV-BZ HMO 5800/30%/9100 6REZ,Y,Paid,08/01/2024,January,Y,-,-,Cheryl Mathison,FMKQPPNQWZ,Benavest Dba Ezhealthmart,JMJHQPNNTY,Benavest Dba Ezhealthmart,JMJHQPNNTY,-,-,-
"Batten, Heather",371W17845,Individual,Inactive,VA,On,01/01/2024,11/01/2023,01/01/2024,Medical,BZ HMO 8200/40%/9100 6REK-BZ HMO 8200/40%/9450 9BSZ,Y,Paid,07/01/2024,January,Y,-,-,Cheryl Mathison,FMKQPPNQWZ,Benavest Dba Ezhealthmart,JMJHQPNNTY,Benavest Dba Ezhealthmart,JMJHQPNNTY,-,-,-
"Boone, Veronica",004W17883,Individual,Inactive,VA,On,01/01/2024,11/01/2023,03/01/2024,Medical,BZ HMO 5800/30%/9450 9BRV-BZ HMO 5800/30%/9100 6REZ,Y,Paid,03/01/2024,January,Y,-,-,Cheryl Mathison,FMKQPPNQWZ,Benavest Dba Ezhealthmart,JMJHQPNNTY,Benavest Dba Ezhealthmart,JMJHQPNNTY,-,-,-
"Bradley, David",032W14817,Individual,Inactive,GA,On,01/01/2024,01/01/2023,02/01/2024,Medical,BZ HMO 5600/30%/9100 6RMB-BZ HMO 5000/25%/9450 9L0U,N,Void,01/01/2024,-,Y,-,-,Cheryl Mathison,FMKQPPNQWZ,Benavest Dba Ezhealthmart,JMJHQPNNTY,Benavest Dba Ezhealthmart,JMJHQPNNTY,-,-,-
"Buchanan, Diya",286W17911,Individual,Inactive,GA,On,01/01/2024,11/01/2023,01/01/2024,Medical,BZ HMO 8000/50%/9100 6RN1-BZ HMO 8000/50%/9450 9KX8,Y,Paid,02/01/2024,January,Y,-,-,Cheryl Mathison,FMKQPPNQWZ,Benavest Dba Ezhealthmart,JMJHQPNNTY,Benavest Dba Ezhealthmart,JMJHQPNNTY,-,-,-
"Burgess, Ahmad",669W17826,Individual,Active,VA,On,01/01/2024,11/01/2023,08/01/2024,Medical,BZ HMO 8200/40%/9100 6REK-BZ HMO 8200/40%/9450 9BSZ,Y,Paid,08/01/2024,January,Y,-,-,Cheryl Mathison,FMKQPPNQWZ,Benavest Dba Ezhealthmart,JMJHQPNNTY,Benavest Dba Ezhealthmart,JMJHQPNNTY,-,-,-
"Butts, Patrick",223W18602,Individual,Active,GA,On,01/01/2024,01/01/2024,12/31/2024,Medical,BZ HMO 6000/50%/9450 9L1N,Y,Paid,08/01/2024,-,Y,-,-,Cheryl Mathison,FMKQPPNQWZ,Benavest Dba Ezhealthmart,JMJHQPNNTY,Benavest Dba Ezhealthmart,JMJHQPNNTY,-,-,-
"Carr, Earl",757W19570,Individual,Inactive,GA,On,02/01/2024,02/01/2024,03/01/2024,Dental,DENTAL FAMILY PREVENTIVE,Y,Paid,02/01/2024,January,Y,-,-,Cheryl Mathison,FMKQPPNQWZ,Benavest Dba Ezhealthmart,JMJHQPNNTY,Benavest Dba Ezhealthmart,JMJHQPNNTY,-,-,-
"Craig, Jazmin",128W16398,Individual,Active,VA,On,01/01/2024,11/01/2023,12/31/2024,Medical,BZ HMO 8200/40%/9100 6REK-BZ HMO 8200/40%/9450 9BSZ,Y,Paid,08/01/2024,January,Y,-,-,Cheryl Mathison,FMKQPPNQWZ,Benavest Dba Ezhealthmart,JMJHQPNNTY,Benavest Dba Ezhealthmart,JMJHQPNNTY,-,-,-
"Cuffey, Michael",897W14817,Individual,Inactive,GA,On,01/01/2024,11/01/2023,02/01/2024,Medical,SV HMO 120/20%/790 6RN2-SV HMO /20%/850 9L1L,Y,Void,01/01/2024,-,Y,-,-,Cheryl Mathison,FMKQPPNQWZ,Benavest Dba Ezhealthmart,JMJHQPNNTY,Benavest Dba Ezhealthmart,JMJHQPNNTY,-,-,-
"Davis, Reginald",516W17826,Individual,Active,VA,On,01/01/2024,11/01/2023,12/31/2024,Medical,BZ HMO 8200/40%/9100 6REK-BZ HMO 8200/40%/9450 9BSZ,Y,Paid,08/01/2024,January,Y,-,-,Cheryl Mathison,FMKQPPNQWZ,Benavest Dba Ezhealthmart,JMJHQPNNTY,Benavest Dba Ezhealthmart,JMJHQPNNTY,-,-,-
"Earley, Marc",025W14770,Individual,Active,GA,On,01/01/2024,01/01/2024,12/31/2024,Medical,SV HMO 0/25 AFKX,Y,Paid,08/01/2024,-,Y,-,-,Cheryl Mathison,FMKQPPNQWZ,Benavest Dba Ezhealthmart,JMJHQPNNTY,Benavest Dba Ezhealthmart,JMJHQPNNTY,-,-,-
"Evans, Cory",614W17856,Individual,Active,VA,On,01/01/2024,11/01/2023,12/31/2024,Medical,BZ HMO 8200/40%/9100 6REK-BZ HMO 8200/40%/9450 9BSZ,Y,Paid,08/01/2024,January,Y,-,-,Cheryl Mathison,FMKQPPNQWZ,Benavest Dba Ezhealthmart,JMJHQPNNTY,Benavest Dba Ezhealthmart,JMJHQPNNTY,-,-,-
"Flowers, Gloria",395W17881,Individual,Inactive,VA,On,01/01/2024,11/01/2023,01/01/2024,Medical,BZ HMO 5800/30%/9100 6REZ,Y,Paid,12/01/2023,-,Y,-,-,Cheryl Mathison,FMKQPPNQWZ,Benavest Dba Ezhealthmart,JMJHQPNNTY,Benavest Dba Ezhealthmart,JMJHQPNNTY,-,-,-
"Floyd, William",219W17883,Individual,Active,VA,On,01/01/2024,11/01/2023,08/01/2024,Medical,BZ HMO 8200/40%/9450 9BSZ-BZ HMO 8200/40%/9100 6REK,Y,Paid,08/01/2024,January,Y,-,-,Cheryl Mathison,FMKQPPNQWZ,Benavest Dba Ezhealthmart,JMJHQPNNTY,Benavest Dba Ezhealthmart,JMJHQPNNTY,-,-,-
"Fortner, Madison",842W15335,Individual,Inactive,GA,On,01/01/2024,01/01/2023,02/01/2024,Medical,SV HMO 50/15%/925 6RMQ-SV HMO /20%/1025 9L0Q,N,Void,01/01/2024,January,Y,-,-,Cheryl Mathison,FMKQPPNQWZ,Benavest Dba Ezhealthmart,JMJHQPNNTY,Benavest Dba Ezhealthmart,JMJHQPNNTY,-,-,-
"Freeman, Jaquez",037W18603,Individual,Active,GA,On,01/01/2024,01/01/2024,12/31/2024,Medical,BZ HMO 8000/50%/9450 9KX8,Y,Paid,08/01/2024,-,Y,-,-,Cheryl Mathison,FMKQPPNQWZ,Benavest Dba Ezhealthmart,JMJHQPNNTY,Benavest Dba Ezhealthmart,JMJHQPNNTY,-,-,-
"Gellweiler, Jonathan",392W16871,Individual,Inactive,GA,On,01/01/2024,07/01/2023,02/01/2024,Medical,BZ HMO 5000/25%/9450 9L0U,N,Void,01/01/2024,-,Y,-,-,Cheryl Mathison,FMKQPPNQWZ,Benavest Dba Ezhealthmart,JMJHQPNNTY,Benavest Dba Ezhealthmart,JMJHQPNNTY,-,-,-
"Giddens, Latasha",618M92770,Individual,Inactive,GA,On,01/01/2024,10/01/2023,01/01/2024,Medical,SV HMO /20%/850 9L1L-SV HMO 120/20%/790 6RN2,Y,-,-,January,Y,-,-,Cheryl Mathison,FMKQPPNQWZ,Benavest Dba Ezhealthmart,JMJHQPNNTY,Benavest Dba Ezhealthmart,JMJHQPNNTY,-,-,-
"Godinez, Kaylem",348W14501,Individual,Active,VA,On,01/01/2024,11/01/2023,12/31/2024,Medical,BZ HMO 8200/40%/9450 9BSZ-BZ HMO 8200/40%/9100 6REK,Y,Paid,08/01/2024,January,Y,-,-,Cheryl Mathison,FMKQPPNQWZ,Benavest Dba Ezhealthmart,JMJHQPNNTY,Benavest Dba Ezhealthmart,JMJHQPNNTY,-,-,-
"Golden, Wendell",338W15494,Individual,Inactive,GA,On,01/01/2024,01/01/2023,02/01/2024,Medical,SV HMO /20%/1025 9L0Q-SV HMO 50/15%/925 6RMQ,N,Void,01/01/2024,-,Y,-,-,Cheryl Mathison,FMKQPPNQWZ,Benavest Dba Ezhealthmart,JMJHQPNNTY,Benavest Dba Ezhealthmart,JMJHQPNNTY,-,-,-
"Grumney, Jakob",396W17844,Individual,Active,VA,On,01/01/2024,11/01/2023,12/31/2024,Medical,BZ HMO 8200/40%/9100 6REK-BZ HMO 8200/40%/9450 9BSZ,Y,Paid,08/01/2024,January,Y,-,-,Cheryl Mathison,FMKQPPNQWZ,Benavest Dba Ezhealthmart,JMJHQPNNTY,Benavest Dba Ezhealthmart,JMJHQPNNTY,-,-,-
"Haidar, Fatima",310W17845,Individual,Inactive,VA,On,01/01/2024,11/01/2023,03/01/2024,Medical,BZ HMO 9100/0%/9100 75A3-BZ HMO 8200/40%/9450 9BSZ,Y,Paid,03/01/2024,-,Y,-,-,Cheryl Mathison,FMKQPPNQWZ,Benavest Dba Ezhealthmart,JMJHQPNNTY,Benavest Dba Ezhealthmart,JMJHQPNNTY,-,-,-
"Hall, Arion",049W17883,Individual,Inactive,VA,On,01/01/2024,11/01/2023,05/01/2024,Medical,BZ HMO 8200/40%/9450 9BSZ-BZ HMO 8200/40%/9100 6REK,Y,Paid,05/01/2024,January,Y,-,-,Cheryl Mathison,FMKQPPNQWZ,Benavest Dba Ezhealthmart,JMJHQPNNTY,Benavest Dba Ezhealthmart,JMJHQPNNTY,-,-,-
"Harp, Sheila L",854M87332,Individual,Inactive,GA,On,01/01/2024,07/01/2022,02/01/2024,Medical,BZ HMO 5000/25%/9450 9L0U,N,Void,01/01/2024,January,Y,-,-,Cheryl Mathison,FMKQPPNQWZ,Benavest Dba Ezhealthmart,JMJHQPNNTY,Benavest Dba Ezhealthmart,JMJHQPNNTY,-,-,-
"Hayes, David",809W16613,Individual,Inactive,GA,On,01/01/2024,05/01/2023,01/01/2024,Dental,DENTAL FAMILY PREVENTIVE,N,-,-,January,Y,-,-,Cheryl Mathison,FMKQPPNQWZ,Benavest Dba Ezhealthmart,JMJHQPNNTY,Benavest Dba Ezhealthmart,JMJHQPNNTY,-,-,-
"Hazzard, Duval",903W17770,Individual,Inactive,GA,On,01/01/2024,11/01/2023,01/01/2024,Medical,BZ HMO 5600/30%/9100 6RMB,Y,Paid,12/01/2023,January,Y,-,-,Cheryl Mathison,FMKQPPNQWZ,Benavest Dba Ezhealthmart,JMJHQPNNTY,Benavest Dba Ezhealthmart,JMJHQPNNTY,-,-,-
"Hodges, Tyrone",742W17889,Individual,Inactive,VA,On,01/01/2024,11/01/2023,07/01/2024,Medical,BZ HMO 5800/30%/9450 9BRV-BZ HMO 5800/30%/9100 6REZ,Y,Paid,12/01/2023,January,Y,-,-,Cheryl Mathison,FMKQPPNQWZ,Benavest Dba Ezhealthmart,JMJHQPNNTY,Benavest Dba Ezhealthmart,JMJHQPNNTY,-,-,-
"Hunter, Nasir",412W17845,Individual,Active,VA,On,01/01/2024,11/01/2023,12/31/2024,Medical,BZ HMO 8200/40%/9100 6REK-BZ HMO 8200/40%/9450 9BSZ,Y,Paid,08/01/2024,January,Y,-,-,Cheryl Mathison,FMKQPPNQWZ,Benavest Dba Ezhealthmart,JMJHQPNNTY,Benavest Dba Ezhealthmart,JMJHQPNNTY,-,-,-
"Hwang, Jinny",477W18739,Individual,Active,GA,On,01/01/2024,01/01/2024,12/31/2024,Medical,SV HMO 0/25 AFKX,Y,Paid,08/01/2024,January,Y,-,-,Cheryl Mathison,FMKQPPNQWZ,Benavest Dba Ezhealthmart,JMJHQPNNTY,Benavest Dba Ezhealthmart,JMJHQPNNTY,-,-,-
"Jefferson, Ricky",028W17755,Individual,Active,VA,On,01/01/2024,11/01/2023,08/01/2024,Medical,BZ HMO 5800/30%/9450 9BRV-BZ HMO 5800/30%/9100 6REZ,Y,Paid,08/01/2024,January,Y,-,-,Cheryl Mathison,FMKQPPNQWZ,Benavest Dba Ezhealthmart,JMJHQPNNTY,Benavest Dba Ezhealthmart,JMJHQPNNTY,-,-,-
"Johnson, Ronnie",239W17878,Individual,Inactive,VA,On,01/01/2024,11/01/2023,01/01/2024,Medical,BZ HMO 8200/40%/9100 6REK,Y,Paid,12/01/2023,January,Y,-,-,Cheryl Mathison,FMKQPPNQWZ,Benavest Dba Ezhealthmart,JMJHQPNNTY,Benavest Dba Ezhealthmart,JMJHQPNNTY,-,-,-
"Jones, Johnathan",224W17826,Individual,Active,VA,On,01/01/2024,11/01/2023,08/01/2024,Medical,BZ HMO 9100/0%/9100 75A3-BZ HMO 8200/40%/9450 9BSZ,Y,Paid,08/01/2024,January,Y,-,-,Cheryl Mathison,FMKQPPNQWZ,Benavest Dba Ezhealthmart,JMJHQPNNTY,Benavest Dba Ezhealthmart,JMJHQPNNTY,-,-,-
"Jones, Tressa",609W15947,Individual,Inactive,GA,On,01/01/2024,03/01/2023,01/01/2024,Medical,BZ HMO 8000/50%/9450 9KX8,N,-,-,January,Y,-,-,Cheryl Mathison,FMKQPPNQWZ,Benavest Dba Ezhealthmart,JMJHQPNNTY,Benavest Dba Ezhealthmart,JMJHQPNNTY,-,-,-
"Jones, Vernon",979M95196,Individual,Inactive,VA,On,01/01/2024,11/01/2023,04/01/2024,Medical,BZ HMO 5800/30%/9450 9BRV-BZ HMO 5800/30%/9100 6REZ,Y,Paid,04/01/2024,January,Y,-,-,Cheryl Mathison,FMKQPPNQWZ,Benavest Dba Ezhealthmart,JMJHQPNNTY,Benavest Dba Ezhealthmart,JMJHQPNNTY,-,-,-
"Lee, Andy",784W18739,Individual,Active,GA,On,01/01/2024,01/01/2024,12/31/2024,Medical,SV HMO 0/25 AFKX,Y,Paid,08/01/2024,January,Y,-,-,Cheryl Mathison,FMKQPPNQWZ,Benavest Dba Ezhealthmart,JMJHQPNNTY,Benavest Dba Ezhealthmart,JMJHQPNNTY,-,-,-
"Lewis, Christopher",270W17847,Individual,Active,VA,On,01/01/2024,11/01/2023,12/31/2024,Medical,BZ HMO 9100/0%/9100 75A3-BZ HMO 8200/40%/9450 9BSZ,Y,Paid,08/01/2024,January,Y,-,-,Cheryl Mathison,FMKQPPNQWZ,Benavest Dba Ezhealthmart,JMJHQPNNTY,Benavest Dba Ezhealthmart,JMJHQPNNTY,-,-,-
"Lewis, Mark",539W16594,Individual,Inactive,GA,On,01/01/2024,06/01/2023,02/01/2024,Medical,BZ HMO 5000/25%/9450 9L0U,N,Void,01/01/2024,January,Y,-,-,Cheryl Mathison,FMKQPPNQWZ,Benavest Dba Ezhealthmart,JMJHQPNNTY,Benavest Dba Ezhealthmart,JMJHQPNNTY,-,-,-
"Lones, Carlos",513W17826,Individual,Active,VA,On,01/01/2024,11/01/2023,12/31/2024,Medical,BZ HMO 9100/0%/9100 75A3-BZ HMO 8200/40%/9450 9BSZ,Y,Paid,08/01/2024,January,Y,-,-,Cheryl Mathison,FMKQPPNQWZ,Benavest Dba Ezhealthmart,JMJHQPNNTY,Benavest Dba Ezhealthmart,JMJHQPNNTY,-,-,-
"Lord, Cheri",509W19474,Individual,Inactive,GA,On,02/01/2024,02/01/2024,05/01/2024,Medical,SV HMO 0/25 AFKX,Y,Void,04/01/2024,January,Y,-,-,Cheryl Mathison,FMKQPPNQWZ,Benavest Dba Ezhealthmart,JMJHQPNNTY,Benavest Dba Ezhealthmart,JMJHQPNNTY,-,-,-
"Louviere, Douglas",070W17878,Individual,Active,VA,On,01/01/2024,11/01/2023,08/01/2024,Medical,BZ HMO 8200/40%/9450 9BSZ-BZ HMO 8200/40%/9100 6REK,Y,Paid,08/01/2024,January,Y,-,-,Cheryl Mathison,FMKQPPNQWZ,Benavest Dba Ezhealthmart,JMJHQPNNTY,Benavest Dba Ezhealthmart,JMJHQPNNTY,-,-,-
"Low, Krystal",169W11721,Individual,Inactive,GA,On,01/01/2024,02/01/2022,01/01/2024,Medical,SV HMO /20%/1025 9L0Q-SV HMO 50/15%/925 6RMQ,N,-,-,January,Y,-,-,Cheryl Mathison,FMKQPPNQWZ,Benavest Dba Ezhealthmart,JMJHQPNNTY,Benavest Dba Ezhealthmart,JMJHQPNNTY,-,-,-
"Mcclure, Andrea",410W17931,Individual,Active,GA,On,01/01/2024,11/01/2023,12/31/2024,Medical,BZ HMO 9100/0%/9100 754T-BZ HMO 8000/50%/9450 9KX8,Y,Paid,08/01/2024,-,Y,-,-,Cheryl Mathison,FMKQPPNQWZ,Benavest Dba Ezhealthmart,JMJHQPNNTY,Benavest Dba Ezhealthmart,JMJHQPNNTY,-,-,-
"Middleton, Jason",907W17846,Individual,Inactive,VA,On,01/01/2024,11/01/2023,01/01/2024,Medical,BZ HMO 9100/0%/9100 75A3,Y,Paid,12/01/2023,-,Y,-,-,Cheryl Mathison,FMKQPPNQWZ,Benavest Dba Ezhealthmart,JMJHQPNNTY,Benavest Dba Ezhealthmart,JMJHQPNNTY,-,-,-
"Mitchell, Joseph",668W17786,Individual,Active,GA,On,01/01/2024,11/01/2023,12/31/2024,Medical,BZ HMO 5000/25%/9100 6RMN-BZ HMO 5000/25%/9450 9L0U,Y,Paid,08/01/2024,-,Y,-,-,Cheryl Mathison,FMKQPPNQWZ,Benavest Dba Ezhealthmart,JMJHQPNNTY,Benavest Dba Ezhealthmart,JMJHQPNNTY,-,-,-
"Mitchell, Marcellus",193W17878,Individual,Inactive,VA,On,01/01/2024,11/01/2023,03/01/2024,Medical,BZ HMO 8200/40%/9450 9BSZ-BZ HMO 8200/40%/9100 6REK,Y,Paid,03/01/2024,January,Y,-,-,Cheryl Mathison,FMKQPPNQWZ,Benavest Dba Ezhealthmart,JMJHQPNNTY,Benavest Dba Ezhealthmart,JMJHQPNNTY,-,-,-
"Osborn, Stepheno",005W17883,Individual,Inactive,VA,On,01/01/2024,11/01/2023,05/01/2024,Medical,BZ HMO 5800/30%/9450 9BRV-BZ HMO 5800/30%/9100 6REZ,Y,Paid,05/01/2024,January,Y,-,-,Cheryl Mathison,FMKQPPNQWZ,Benavest Dba Ezhealthmart,JMJHQPNNTY,Benavest Dba Ezhealthmart,JMJHQPNNTY,-,-,-
"Page, Christopher",771M60636,Individual,Active,VA,On,01/01/2024,11/01/2023,12/31/2024,Medical,BZ HMO 9100/0%/9100 75A3-BZ HMO 8200/40%/9450 9BSZ,Y,Paid,08/01/2024,January,Y,-,-,Cheryl Mathison,FMKQPPNQWZ,Benavest Dba Ezhealthmart,JMJHQPNNTY,Benavest Dba Ezhealthmart,JMJHQPNNTY,-,-,-
"Pruett, David",904W08525,Individual,Active,GA,On,01/01/2024,05/01/2021,12/31/2024,Medical,BZ HMO 8000/50%/9100 6RL5-BZ HMO 8000/50%/9450 9L1T,N,Paid,08/01/2024,-,Y,-,-,Cheryl Mathison,FMKQPPNQWZ,Benavest Dba Ezhealthmart,JMJHQPNNTY,Benavest Dba Ezhealthmart,JMJHQPNNTY,-,-,-
"Reams, Karen",607M87963,Individual,Active,VA,On,01/01/2024,11/01/2023,12/31/2024,Medical,BZ HMO 8200/40%/9450 9BSZ-BZ HMO 8200/40%/9100 6REK,Y,Paid,08/01/2024,January,Y,-,-,Cheryl Mathison,FMKQPPNQWZ,Benavest Dba Ezhealthmart,JMJHQPNNTY,Benavest Dba Ezhealthmart,JMJHQPNNTY,-,-,-
"Reed, Tony",670W17826,Individual,Active,VA,On,01/01/2024,11/01/2023,12/31/2024,Medical,BZ HMO 8200/40%/9100 6REK-BZ HMO 8200/40%/9450 9BSZ,Y,Paid,08/01/2024,January,Y,-,-,Cheryl Mathison,FMKQPPNQWZ,Benavest Dba Ezhealthmart,JMJHQPNNTY,Benavest Dba Ezhealthmart,JMJHQPNNTY,-,-,-
"Rhymes, Qualisha",378W19055,Individual,Active,GA,On,02/01/2024,01/01/2024,12/31/2024,Medical,BZ HMO 7500/50%/9400 9KXR,Y,Paid,07/01/2024,January,Y,-,-,Cheryl Mathison,FMKQPPNQWZ,Benavest Dba Ezhealthmart,JMJHQPNNTY,Benavest Dba Ezhealthmart,JMJHQPNNTY,-,-,-
"Ricks, Jada",939W11817,Individual,Active,VA,On,01/01/2024,11/01/2023,08/01/2024,Medical,BZ HMO 8200/40%/9100 6REK-BZ HMO 8200/40%/9450 9BSZ,Y,Paid,08/01/2024,January,Y,-,-,Cheryl Mathison,FMKQPPNQWZ,Benavest Dba Ezhealthmart,JMJHQPNNTY,Benavest Dba Ezhealthmart,JMJHQPNNTY,-,-,-
"Riddick, Charles",003W17883,Individual,Active,VA,On,01/01/2024,11/01/2023,12/31/2024,Medical,BZ HMO 5800/30%/9450 9BRV-BZ HMO 5800/30%/9100 6REZ,Y,Paid,08/01/2024,January,Y,-,-,Cheryl Mathison,FMKQPPNQWZ,Benavest Dba Ezhealthmart,JMJHQPNNTY,Benavest Dba Ezhealthmart,JMJHQPNNTY,-,-,-
"Roberts, Kate",138W18915,Individual,Active,GA,On,01/01/2024,01/01/2024,12/31/2024,Medical,SV HMO 0/25 AFKX,Y,Paid,08/01/2024,January,Y,-,-,Cheryl Mathison,FMKQPPNQWZ,Benavest Dba Ezhealthmart,JMJHQPNNTY,Benavest Dba Ezhealthmart,JMJHQPNNTY,-,-,-
"Robinson, Ralph",140W17931,Individual,Active,GA,On,01/01/2024,11/01/2023,12/31/2024,Medical,BZ HMO 9100/0%/9100 754T-BZ HMO 8000/50%/9450 9KX8,Y,Paid,08/01/2024,-,Y,-,-,Cheryl Mathison,FMKQPPNQWZ,Benavest Dba Ezhealthmart,JMJHQPNNTY,Benavest Dba Ezhealthmart,JMJHQPNNTY,-,-,-
"Saunders, Quintin",912W17882,Individual,Active,VA,On,01/01/2024,11/01/2023,12/31/2024,Medical,BZ HMO 5800/30%/9450 9BRV-BZ HMO 5800/30%/9100 6REZ,Y,Paid,08/01/2024,January,Y,-,-,Cheryl Mathison,FMKQPPNQWZ,Benavest Dba Ezhealthmart,JMJHQPNNTY,Benavest Dba Ezhealthmart,JMJHQPNNTY,-,-,-
"Shambaugh, Michael",228W17826,Individual,Active,VA,On,01/01/2024,11/01/2023,12/31/2024,Medical,BZ HMO 8200/40%/9100 6REK-BZ HMO 8200/40%/9450 9BSZ,Y,Paid,08/01/2024,January,Y,-,-,Cheryl Mathison,FMKQPPNQWZ,Benavest Dba Ezhealthmart,JMJHQPNNTY,Benavest Dba Ezhealthmart,JMJHQPNNTY,-,-,-
"Sims, Vincent",162W17809,Individual,Active,GA,On,01/01/2024,11/01/2023,12/31/2024,Medical,BZ HMO 8000/50%/9100 6RN1-BZ HMO 8000/50%/9450 9KX8,Y,Paid,08/01/2024,-,Y,-,-,Cheryl Mathison,FMKQPPNQWZ,Benavest Dba Ezhealthmart,JMJHQPNNTY,Benavest Dba Ezhealthmart,JMJHQPNNTY,-,-,-
"Smith, Chrishawn",520W17856,Individual,Active,VA,On,01/01/2024,11/01/2023,12/31/2024,Medical,BZ HMO 8200/40%/9100 6REK-BZ HMO 8200/40%/9450 9BSZ,Y,Paid,08/01/2024,January,Y,-,-,Cheryl Mathison,FMKQPPNQWZ,Benavest Dba Ezhealthmart,JMJHQPNNTY,Benavest Dba Ezhealthmart,JMJHQPNNTY,-,-,-
"Smith-Clark, Sheryl",195M92702,Individual,Inactive,VA,On,01/01/2024,11/01/2023,01/01/2024,Medical,BZ HMO 9100/0%/9100 75A3-BZ HMO 8200/40%/9450 9BSZ,Y,-,-,January,Y,-,-,Cheryl Mathison,FMKQPPNQWZ,Benavest Dba Ezhealthmart,JMJHQPNNTY,Benavest Dba Ezhealthmart,JMJHQPNNTY,-,-,-
"Stafford, Joel",600W17845,Individual,Active,VA,On,01/01/2024,11/01/2023,12/31/2024,Medical,BZ HMO 8200/40%/9100 6REK-BZ HMO 8200/40%/9450 9BSZ,Y,Paid,08/01/2024,January,Y,-,-,Cheryl Mathison,FMKQPPNQWZ,Benavest Dba Ezhealthmart,JMJHQPNNTY,Benavest Dba Ezhealthmart,JMJHQPNNTY,-,-,-
"Stanford, Marquis",002W17883,Individual,Inactive,VA,On,01/01/2024,11/01/2023,01/01/2024,Medical,BZ HMO 9100/0%/9100 75A3,Y,Paid,12/01/2023,-,Y,-,-,Cheryl Mathison,FMKQPPNQWZ,Benavest Dba Ezhealthmart,JMJHQPNNTY,Benavest Dba Ezhealthmart,JMJHQPNNTY,-,-,-
"Stargell, Cheyenne",338W17043,Individual,Active,GA,On,01/01/2024,08/01/2023,12/31/2024,Medical,BZ HMO 7500/50%/9400 9L03-BZ HMO 8000/50%/9450 9KX8,Y,Paid,08/01/2024,January,Y,-,-,Cheryl Mathison,FMKQPPNQWZ,Benavest Dba Ezhealthmart,JMJHQPNNTY,Benavest Dba Ezhealthmart,JMJHQPNNTY,-,-,-
"Tabron, Brandon",895W17881,Individual,Active,VA,On,01/01/2024,11/01/2023,12/31/2024,Medical,BZ HMO 5800/30%/9450 9BRV-BZ HMO 5800/30%/9100 6REZ,Y,Paid,08/01/2024,January,Y,-,-,Cheryl Mathison,FMKQPPNQWZ,Benavest Dba Ezhealthmart,JMJHQPNNTY,Benavest Dba Ezhealthmart,JMJHQPNNTY,-,-,-
"Turner, Jesse",894W17881,Individual,Active,VA,On,01/01/2024,11/01/2023,12/31/2024,Medical,BZ HMO 5800/30%/9450 9BRV-BZ HMO 5800/30%/9100 6REZ,Y,Paid,08/01/2024,January,Y,-,-,Cheryl Mathison,FMKQPPNQWZ,Benavest Dba Ezhealthmart,JMJHQPNNTY,Benavest Dba Ezhealthmart,JMJHQPNNTY,-,-,-
"Valentine, Pedro",571W17881,Individual,Active,VA,On,01/01/2024,11/01/2023,12/31/2024,Medical,BZ HMO 5800/30%/9450 9BRV-BZ HMO 5800/30%/9100 6REZ,Y,Paid,08/01/2024,January,Y,-,-,Cheryl Mathison,FMKQPPNQWZ,Benavest Dba Ezhealthmart,JMJHQPNNTY,Benavest Dba Ezhealthmart,JMJHQPNNTY,-,-,-
"Villot, Ana",075A55993,Individual,Active,VA,On,01/01/2024,11/01/2023,08/01/2024,Medical,BZ HMO 8200/40%/9100 6REK-BZ HMO 8200/40%/9450 9BSZ,Y,Paid,08/01/2024,January,Y,-,-,Cheryl Mathison,FMKQPPNQWZ,Benavest Dba Ezhealthmart,JMJHQPNNTY,Benavest Dba Ezhealthmart,JMJHQPNNTY,-,-,-
"Wade, Quinton F",311W17184,Individual,Inactive,GA,On,01/01/2024,08/01/2023,01/01/2024,Medical,BZ HMO 5000/25%/9450 9L0U-BZ HMO 5600/30%/9100 6RMB,Y,-,-,-,Y,-,-,Cheryl Mathison,FMKQPPNQWZ,Benavest Dba Ezhealthmart,JMJHQPNNTY,Benavest Dba Ezhealthmart,JMJHQPNNTY,-,-,-
"Waite, Jalal",372W17845,Individual,Active,VA,On,01/01/2024,11/01/2023,12/31/2024,Medical,BZ HMO 8200/40%/9100 6REK-BZ HMO 8200/40%/9450 9BSZ,Y,Paid,08/01/2024,January,Y,-,-,Cheryl Mathison,FMKQPPNQWZ,Benavest Dba Ezhealthmart,JMJHQPNNTY,Benavest Dba Ezhealthmart,JMJHQPNNTY,-,-,-
"Walker, Cierra M",692W17889,Individual,Active,VA,On,01/01/2024,11/01/2023,12/31/2024,Medical,BZ HMO 5800/30%/9450 9BRV-BZ HMO 5800/30%/9100 6REZ,Y,Paid,12/01/2023,January,Y,-,-,Cheryl Mathison,FMKQPPNQWZ,Benavest Dba Ezhealthmart,JMJHQPNNTY,Benavest Dba Ezhealthmart,JMJHQPNNTY,-,-,-
"Weaver, Aaron",878W10708,Individual,Active,VA,On,01/01/2024,11/01/2023,08/01/2024,Medical,BZ HMO 5800/30%/9450 9BRV-BZ HMO 5800/30%/9100 6REZ,Y,Paid,08/01/2024,January,Y,-,-,Cheryl Mathison,FMKQPPNQWZ,Benavest Dba Ezhealthmart,JMJHQPNNTY,Benavest Dba Ezhealthmart,JMJHQPNNTY,-,-,-
"Whitfield, Eric",518M83839,Individual,Inactive,GA,On,01/01/2024,05/01/2023,01/01/2024,Medical,BZ HMO 5600/30%/9100 6RMB-BZ HMO 5000/25%/9450 9L0U,N,-,-,January,Y,-,-,Cheryl Mathison,FMKQPPNQWZ,Benavest Dba Ezhealthmart,JMJHQPNNTY,Benavest Dba Ezhealthmart,JMJHQPNNTY,-,-,-
"Whitfield, Kevin",551W15296,Individual,Active,VA,On,01/01/2024,11/01/2023,12/31/2024,Medical,BZ HMO 8200/40%/9450 9BSZ-BZ HMO 8200/40%/9100 6REK,Y,Paid,08/01/2024,January,Y,-,-,Cheryl Mathison,FMKQPPNQWZ,Benavest Dba Ezhealthmart,JMJHQPNNTY,Benavest Dba Ezhealthmart,JMJHQPNNTY,-,-,-
"Wynn, Ashley N",073W12310,Individual,Inactive,GA,On,03/01/2024,03/01/2024,03/01/2024,Medical,SV HMO /20%/850 9KX0,Y,-,-,January,Y,-,-,Cheryl Mathison,FMKQPPNQWZ,Benavest Dba Ezhealthmart,JMJHQPNNTY,Benavest Dba Ezhealthmart,JMJHQPNNTY,-,-,-
