Member_Id,Member_Name,DoB,Account_Creation_Status,Email,Email,Phone_Number,Mailing_Address,State,On_Exchange,Plan,Premium_Amount,APT_Subsidy,Lives,Coverage_start_date,Coverage_end_date,Policy_status,Renewal_plan,Renewal_premium_amount,Renewal_APTC_subsidy,Renewal_date
OSC77507336-01,Antonia Favors,09/17/1968,No,antoniafavors@gmail.com,antoniafavors@gmail.com,678-996-4041,6549 Brown St Apt 1H Douglasville Ga 30134,GA,On,Silver Simple PCP Saver CSR 150,$0.00 ,$830.19 ,1,05/01/2024,12/31/2024,Active,,,,
OSC78192429-01,Zoie Gray,05/09/1994,No,dred5994@gmail.com,dred5994@gmail.com,754-779-4440,1593 Ezra Church Dr Nw  Atlanta Ga 30314,GA,On,Silver Simple PCP Saver CSR 150,$0.00 ,$0.00 ,1,01/01/2024,12/31/2023,Inactive,,,,
OSC79085730-01,Lina Osorio Metaute,03/07/1983,Yes,linis724@hotmail.com,linis724@hotmail.com,786-908-7859,4601 Nw 183Rd St Apt E1  Miami Gardens Fl 33055,FL,On,Silver Simple- Specialist Saver CSR 200,$35.35 ,$445.00 ,1,11/01/2023,10/31/2023,Inactive,,,,
OSC77633003-01,Shante Smith,03/11/1971,No,handlinbiz6@gmail.com,handlinbiz6@gmail.com,470-300-2424,4080 Montego Bay Dr  Atlanta Ga 30349,GA,On,Silver Classic Standard CSR 150,$0.00 ,$727.52 ,1,05/01/2024,12/31/2024,Active,,,,
OSC77448238-01,Soraya Coleman,10/13/1995,No,sorayac241@gmail.com,sorayac241@gmail.com,347-216-3945,1056 Park West Ct  Stone Mountain Ga 30088,GA,On,Silver Classic Standard CSR 150,$0.00 ,$405.13 ,1,06/01/2024,12/31/2024,Active,,,,
OSC78188943-01,Clena Louis Labroche,05/18/2000,No,clenalouis954@gmail.com,clenalouis954@gmail.com,786-372-5720,1555 Ne 121St St Apt 511  North Miami Fl 33161,FL,On,Bronze Classic,$0.00 ,$0.00 ,2,02/01/2024,01/31/2024,Inactive,,,,
OSC79023882-01,Sandra Patricia Annakie,08/06/1973,Yes,sandradawkins2019@gmail.com,sandradawkins2019@gmail.com,843-205-9691,8255 Nw Miami Ct Apt 101 Miami Fl 33150,FL,On,Bronze Classic 4700,$0.00 ,$587.11 ,1,04/01/2024,03/31/2024,Inactive,,,,
OSC77678675-01,Calandra Ibrahim,08/30/1969,No,calandrabeamon7@gmail.com,calandrabeamon7@gmail.com,470-318-9198,221 Upper Riverdale Rd Apt 22C Jonesboro Ga 30236,GA,On,Silver Simple PCP Saver CSR 150,$0.00 ,$794.82 ,1,02/01/2024,12/31/2024,Active,,,,
OSC77734223-01,Tobias Clark,03/05/1995,No,tobiclark2@outlook.com,tobiclark2@outlook.com,404-447-8997,2251 Sisk St Nw  Atlanta Ga 30318,GA,On,Bronze Classic 4700,$0.00 ,$345.83 ,1,03/01/2024,02/29/2024,Inactive,,,,
OSC79871726-01,Michelle Carmona,08/24/1981,No,mimigc24@gmail.com,mimigc24@gmail.com,305-764-0499,9267 Sw 227Th St Unit 9 Cutler Bay Fl 33190,FL,On,Silver Simple PCP Saver CSR 150,$5.81 ,$805.00 ,2,06/01/2024,12/31/2024,Active,,,,
OSC77624137-01,Dominique Wade,10/07/1993,No,,,571-365-2789,4530 Parkview Sq  Atlanta Ga 30349,GA,On,Bronze Classic PCP Saver Plus,$0.00 ,$0.00 ,1,03/01/2024,02/29/2024,Inactive,,,,
OSC77726938-01,Laura Carr,10/25/1969,No,Brnsmom@gmail.com,brnsmom@gmail.com,407-467-4318,2870 Waccassa St  Geneva Fl 32732,FL,On,Bronze Elite Saver Plus,$362.31 ,$418.00 ,1,02/01/2024,12/31/2024,Active,,,,
OSC77746302-01,Queenesther Garrett,04/30/2000,No,queenesthergarrett15@gmail.com,queenesthergarrett15@gmail.com,754-457-6500,2979 Nw 92Nd Ave  Coral Springs Fl 33065,FL,On,Bronze Classic 4700,$0.00 ,$316.55 ,1,02/01/2024,12/31/2024,Active,,,,
OSC78235305-01,Jacqueline Karina Blume,09/04/1989,No,jacquelineblume24@gmail.com,jacquelineblume24@gmail.com,561-957-6443,5200 Nw 26Th Ave  Miami Fl 33142,FL,On,Bronze Elite + PCP Saver Plus,$0.00 ,$440.01 ,1,02/01/2024,01/31/2024,Inactive,,,,
OSC78009694-01,Lakerrisha Snape,07/05/2001,No,,,561-525-5126,5100 Sw 41St St  Hollywood Fl 33023,FL,On,Bronze Classic,$0.00 ,$286.37 ,1,01/01/2024,03/26/2024,Inactive,,,,
OSC77887302-01,Paulo Henrique Sande,09/04/1980,No,,,850-687-3030,3635 Monique Ct  Destin Fl 32541,FL,On,Silver Elite CSR 150,$143.01 ,"$1,406.00 ",3,06/01/2024,12/31/2024,Active,,,,
OSC77781021-01,Zikora-Chimdinma Nwobodo,04/11/2003,No,zikoraemma@gmail.com,zikoraemma@gmail.com,346-393-1049,7231 Belford Park Ln  Richmond Tx 77407,TX,On,Gold Classic (Choice),$13.75 ,$352.00 ,1,02/01/2024,12/31/2024,Active,,,,
OSC77485387-01,Jasmine Hall,08/21/1989,No,jlovelii@icloud.com,jlovelii@icloud.com,470-892-8054,1418 Riverwalk Lane Apt D Atlanta Ga 30349,GA,On,Silver Simple CSR 150,$0.00 ,$747.65 ,2,05/01/2024,05/31/2024,Inactive,,,,
OSC77677425-01,Jeffrey Williams,02/26/1978,No,jaywilliams91@gmail.com,jaywilliams91@gmail.com,470-905-0848,4233 Jonesboro Rd Apt F7 Forest Park Ga 30297,GA,On,Silver Simple PCP Saver CSR 150,$0.00 ,$558.42 ,1,03/01/2024,04/30/2024,Inactive,,,,
OSC77999667-01,Elvin Adelson Alvarez,11/28/2001,No,,,786-301-5892,1085 Nw 25Th St  Miami Fl 33127,FL,On,Bronze Classic,$0.00 ,$0.00 ,1,01/01/2024,12/31/2023,Inactive,,,,
OSC77867885-01,Deverin Thomas,02/26/1980,No,orondesouthbeach@gmail.com,orondesouthbeach@gmail.com,305-316-9150,2483 Ne 184Th Ter  North Miami Beach Fl 33160,FL,On,Bronze Classic 4700,$0.00 ,$446.08 ,1,02/01/2024,12/31/2024,Active,,,,
OSC77889781-01,Vanessa Cadet,05/20/1988,No,vanessa.cadet520@gmail.com,vanessa.cadet520@gmail.com,678-900-5927,5823 Wembley Dr  Douglasville Ga 30135,GA,On,Silver Classic Standard CSR 200,$0.00 ,$0.00 ,1,02/01/2024,01/31/2024,Inactive,,,,
OSC77641400-01,Unikqua Glenn,10/04/1991,No,uglenn20@gmail.com,uglenn20@gmail.com,470-489-2711,3237 Strawberry Ln Apt 1 Decatur Ga 30034,GA,On,Silver Simple PCP Saver CSR 150,$0.00 ,$440.41 ,1,03/01/2024,12/31/2024,Active,,,,
OSC78298947-01,Andreia Agostinho,01/15/1980,No,deiamiranda38@icloud.com,deiamiranda38@icloud.com,857-346-8534,6011 Media Ct Apt 101 Sarasota Fl 34243,FL,On,Silver Elite CSR 150,$82.39 ,$501.00 ,1,03/01/2024,12/31/2024,Active,,,,
OSC78234027-01,Antavious Hall,03/13/1998,No,ahall45@gmail.com,ahall45@gmail.com,404-734-0123,461 Old Dixie Way  Forest Park Ga 30297,GA,On,Bronze Elite + PCP Saver Plus,$0.00 ,$0.00 ,1,01/01/2024,12/31/2023,Inactive,,,,
OSC77988457-01,Rekita Barber,11/30/1997,No,rekitab18@gmail.com,rekitab18@gmail.com,404-561-4468,601 Eagle Springs Way # 601  Stone Mountain Ga 30083,GA,On,Silver Simple CSR 150,$0.00 ,$675.87 ,2,04/01/2024,12/31/2024,Active,,,,
OSC77773862-01,Gervarious Lackey,01/23/1999,No,gervariuslackey@gmail.com,gervariuslackey@gmail.com,470-941-0073,5475 Farmview Close  Stone Mountain Ga 30088,GA,On,Silver Classic Standard CSR 150,$0.00 ,$372.72 ,1,02/01/2024,04/30/2024,Inactive,,,,
OSC77290490-01,Sophia Sams,05/12/1981,No,,,678-755-9667,2909 Campbellton Rd Sw Apt 37 E Atlanta Ga 30311,GA,On,Silver Simple PCP Saver CSR 150,$0.00 ,$855.51 ,2,08/01/2024,12/31/2024,Paid binder,,,,
OSC04216172-01,Luckner Guerrier,10/24/1968,No,mikaelle.guerrier@gmail.com,mikaelle.guerrier@gmail.com,786-523-8265,610 Nw 7Th Ave 93 Pompano Beach Fl 33060,FL,On,Bronze Classic Standard,$0.00 ,$0.00 ,3,01/01/2024,12/31/2023,Inactive,,,,
OSC77940461-01,Jimmy Goodrum,06/06/2000,No,jimmygoodrum68@gmail.com,jimmygoodrum68@gmail.com,404-360-3282,12975 Woolwich Ln  Hampton Ga 30228,GA,On,Bronze Elite + PCP Saver Plus,$0.00 ,$348.78 ,1,03/01/2024,06/30/2024,Inactive,,,,
OSC77979377-01,Alyssa Reveles,04/27/2001,No,lysreveles14@gmail.com,lysreveles14@gmail.com,469-815-3228,1807 Heron Dr  Aubrey Tx 76227,TX,On,Bronze Elite + PCP Saver Plus,$0.00 ,$601.08 ,2,04/01/2024,03/31/2024,Inactive,,,,
OSC77569155-01,Chante Hughley,07/21/1999,No,superj006.cah@gmail.com,superj006.cah@gmail.com,404-484-9696,4093 Bouldercrest Rd  Ellenwood Ga 30294,GA,On,Silver Simple CSR 150,$4.80 ,$373.00 ,1,06/01/2024,12/31/2024,Active,,,,
OSC77916014-01,Anthony Andrews,09/07/1987,No,myangelk1968@gmail.com,myangelk1968@gmail.com,762-383-3461,5100 Highpoint Rd Apt 88 Union City Ga 30291,GA,On,Bronze Classic PCP Saver Plus,$0.00 ,$387.53 ,1,05/01/2024,04/30/2024,Inactive,,,,
OSC79217269-01,Tanjala Walker,08/21/1963,No,walkertanjala@gmail.com,walkertanjala@gmail.com,954-593-0469,3440 Jackson Blvd  Fort Lauderdale Fl 33312,FL,On,Silver Simple PCP Saver CSR 200,$33.85 ,$980.00 ,1,06/01/2024,05/31/2024,Inactive,,,,
OSC78188553-01,Johannes Strozier,10/10/1962,No,johannesstrozier@gmail.com,johannesstrozier@gmail.com,470-875-3111,4271 Utoy Ct Sw  Atlanta Ga 30331,GA,On,Silver Simple PCP Saver CSR 150,$0.00 ,"$1,046.11 ",1,02/01/2024,12/31/2024,Active,,,,
OSC78361042-01,Victoria Bell,10/30/1985,No,bellvictoria27@gmail.com,bellvictoria27@gmail.com,773-615-8323,9401 Roberts Dr Apt 15H  Sandy Springs Ga 30350,GA,On,Silver Elite Saver Plus CSR 200,$0.00 ,$0.00 ,1,03/01/2024,02/29/2024,Inactive,,,,
OSC77728927-01,Marlon Banegas,12/23/1999,No,,,786-344-2362,2445 Nw 3Rd St  Miami Fl 33125,FL,On,Silver Simple PCP Saver CSR 150,$7.96 ,$380.00 ,1,02/01/2024,12/31/2024,Active,,,,
OSC77565187-01,Quincy Pool,01/05/1983,No,daguru33@gmail.com,daguru33@gmail.com,678-463-1585,3707 Elkridge Dr  Decatur Ga 30032,GA,On,Bronze Classic PCP Saver Plus,$0.00 ,$0.00 ,3,04/01/2024,03/31/2024,Inactive,,,,
OSC78026083-01,Shaliah Perkins,10/05/1993,No,prknsfm.sp@gmail.com,prknsfm.sp@gmail.com,678-778-3965,10457 Ivygate Ter  Jonesboro Ga 30238,GA,On,Silver Classic Standard CSR 150,$0.00 ,$0.00 ,1,02/01/2024,01/31/2024,Inactive,,,,
OSC78050819-01,Ghislaine Corne,03/04/1964,No,alexandranoel1991@gmail.com,alexandranoel1991@gmail.com,786-675-8331,865 Nw 155Th Ln Apt 302 Miami Fl 33169,FL,On,Silver Simple PCP Saver CSR 150,$21.83 ,$988.00 ,1,05/16/2024,12/31/2024,Active,,,,
OSC77654438-01,Benjamin Ross,07/01/1974,No,bennyhill7740@yahoo.com,bennyhill7740@yahoo.com,503-702-2727,445 Markham St Sw Apt F33 Atlanta Ga 30313,GA,On,Silver Simple PCP Saver CSR 150,$0.00 ,$635.11 ,1,03/01/2024,12/31/2024,Active,,,,
OSC77412954-01,Elysia Allen-Brodie,05/23/2000,No,elysiaallen@icloud.com,elysiaallen@icloud.com,614-800-0072,269 Perth Dr  Dublin Oh 43017,OH,On,Bronze Elite + PCP Saver Plus (Select),$0.00 ,$0.00 ,1,06/01/2024,05/31/2024,Inactive,,,,
OSC77717667-01,Brittany Arlene Andrews,06/13/1985,No,Brittanyandrews24@yahoo.com,brittanyandrews24@yahoo.com,404-914-4565,2135 Briar Glen Ln Sw  Atlanta Ga 30331,GA,On,Silver Simple PCP Saver CSR 150,$0.00 ,$463.86 ,1,02/01/2024,12/31/2024,Active,,,,
OSC77625701-01,Kylisha Newberry,07/21/1998,No,kylishan00@gmail.com,kylishan00@gmail.com,706-240-7842,3035 Kenridge Pkwy Apt 3035 Decatur Ga 30032,GA,On,Silver Classic Standard CSR 150,$0.00 ,$374.20 ,1,03/01/2024,06/30/2024,Inactive,,,,
OSC77516039-01,Howard Oneal,06/19/1998,No,hahmaadoneal@gmail.com,hahmaadoneal@gmail.com,404-637-9048,1766 Alexander Dr  Decatur Ga 30032,GA,On,Silver Classic Standard CSR 150,$0.00 ,$374.20 ,1,04/01/2024,04/30/2024,Inactive,,,,
OSC77355820-01,Sade Grant,06/01/1997,No,sade.grant97@yahoo.com,sade.grant97@yahoo.com,678-619-9549,602 The Oaks  Clarkston Ga 30021,GA,On,Silver Simple PCP Saver CSR 150,$0.00 ,$0.00 ,1,07/01/2024,06/30/2024,Inactive,,,,
OSC77602259-01,Rene Gustavo Garcia Jr,05/17/2004,No,renemater2018@icloud.com,renemater2018@icloud.com,786-256-6504,3411 Nw 19Th Ave  Miami Fl 33142,FL,On,Silver Elite CSR 150,$24.08 ,$358.00 ,1,03/01/2024,12/31/2024,Active,,,,
OSC79487817-01,John Womble,12/21/1974,No,jewomble21@yahoo.com,jewomble21@yahoo.com,786-619-5495,1503 Nw 207Th St Apt 232 Miami Gardens Fl 33169,FL,On,Silver Simple- PCP Saver CSR 150,$0.00 ,$0.00 ,1,09/01/2023,08/31/2023,Inactive,,,,
OSC77484113-01,Kayla Pugh,10/08/2008,No,,,,6295 Jimmy Carter Blvd Apt 130 Norcross Ga 30071,GA,On,Bronze Simple 2,$0.00 ,$0.00 ,1,05/01/2024,04/30/2024,Inactive,,,,
OSC77634783-01,Luis Rodriguez Collazo,01/29/1965,No,luisrodriguez1965@gmail.com,luisrodriguez1965@gmail.com,689-309-1118,2024 Lacie Jo Ln  Kissimmee Fl 34743,FL,On,Bronze Classic Standard,$0.00 ,$853.46 ,1,03/01/2024,05/31/2024,Inactive,,,,
OSC77830180-01,Ashley Acosta,09/17/1993,No,ashleyacosta00223@gmail.com,ashleyacosta00223@gmail.com,945-599-9853,1919 Barnes Bridge Rd Apt 109 Dallas Tx 75228,TX,On,Bronze Elite + Specialist Saver Plus,$0.00 ,$387.79 ,1,04/01/2024,03/31/2024,Inactive,,,,
OSC77549555-01,William Cottrell,06/22/1983,No,,,470-722-3989,9441 Forest Knoll Dr  Jonesboro Ga 30238,GA,On,Bronze Elite + PCP Saver Plus,$0.00 ,$445.72 ,1,07/01/2024,06/30/2024,Inactive,,,,
OSC78295304-01,Moacir Neto,05/23/1995,No,netohicash@gmail.com,netohicash@gmail.com,407-247-9554,4084 Middlebrook Rd Apt 1123  Orlando Fl 32811,FL,On,Silver Elite CSR 150,$25.58 ,$427.00 ,1,01/01/2024,12/31/2024,Active,,,,
OSC77915176-01,Mark Lewis,06/20/1985,No,mlewis621@icloud.com,mlewis621@icloud.com,470-800-5566,390 17Th St Nw Unit 2006 Atlanta Ga 30363,GA,On,Silver Simple PCP Saver CSR 150,$0.00 ,$0.00 ,1,01/01/2024,12/31/2023,Inactive,,,,
OSC78094759-01,Oje Akinlana,10/10/1997,No,Jaycashhofficial@gmail.com,jaycashhofficial@gmail.com,678-576-5536,4454 Snapfinger Bend  Decatur Ga 30034,GA,On,Silver Simple PCP Saver CSR 150,$0.00 ,$381.22 ,1,06/01/2024,06/30/2024,Inactive,,,,
OSC77377114-01,India Willis,08/02/1995,No,india.willis185@gmail.com,india.willis185@gmail.com,478-305-9052,3640 S Fulton Ave  Atlanta Ga 30354,GA,On,Silver Simple CSR 150,$0.00 ,$699.67 ,2,06/01/2024,12/31/2024,Active,,,,
OSC77470980-01,Traci Terrell,04/22/1982,No,ohmygoodness22@yahoo.com,ohmygoodness22@yahoo.com,214-325-6842,706 Edgemont Pl  Arlington Tx 76017,TX,On,Gold Classic Standard,$0.00 ,$493.13 ,1,05/01/2024,12/31/2024,Active,,,,
OSC77484122-01,Nekesha Pugh,12/03/1977,No,pughnekesha@yahoo.com,pughnekesha@yahoo.com,943-219-4104,6295 Jimmy Carter Blvd Ste 130  Norcross Ga 30071,GA,On,Bronze Simple 2,$0.00 ,$0.00 ,3,05/01/2024,04/30/2024,Inactive,,,,
OSC77942063-01,Youdeline Georges,09/07/1983,No,youdelinem@yahoo.com,youdelinem@yahoo.com,786-320-1648,20453 Nw 19Th Avenue  Miami Gardens Fl 33056,FL,On,Bronze Classic 4700,$0.00 ,$420.11 ,1,06/01/2024,12/31/2024,Active,,,,
OSC78319347-01,Mario Perez,05/04/1992,No,mismeal405083@gmail.com,mismeal405083@gmail.com,512-903-3394,715 Trade Ave Apt 8A Pleasanton Tx 78064,TX,On,Gold Classic Standard,$0.00 ,$429.88 ,1,05/10/2024,12/31/2024,Active,,,,
OSC78126994-01,Ashley Gaston,02/05/1988,No,ashleygaston55@gmail.com,ashleygaston55@gmail.com,404-203-2037,1754 Richmond Se Cir #Apt1101F Atlanta Ga 30315,GA,On,Silver Classic Standard CSR 150,$0.00 ,$0.00 ,1,01/01/2024,12/31/2023,Inactive,,,,
OSC78183904-01,Miracle Goff,02/26/1987,No,1.true.destiny@gmail.com,1.true.destiny@gmail.com,404-399-2909,2192 Barge Rd Sw  Atlanta Ga 30331,GA,On,Silver Classic Standard CSR 150,$0.00 ,$458.43 ,1,04/01/2024,06/30/2024,Inactive,,,,
OSC77470711-01,Angela Freshwater,09/18/1976,No,Angelafreshwater039@gmail.com,angelafreshwater039@gmail.com,404-735-9388,3307 Dupont Ln  Tucker Ga 30084,GA,On,Silver Classic Standard CSR 150,$0.00 ,$582.54 ,1,07/01/2024,12/31/2024,Active,,,,
OSC77919280-01,Abigail Johnson,09/01/1986,No,Anjmia1986@yahoo.com,anjmia1986@yahoo.com,929-600-4032,6336 Phillips Pl  Lithonia Ga 30058,GA,On,Silver Simple CSR 150,$5.71 ,$462.00 ,1,01/01/2024,12/31/2024,Active,,,,
OSC78827528-01,Leo Williams Jr,01/04/1978,No,barbara.v.pierce@icloud.com,barbara.v.pierce@icloud.com,470-680-2732,10034 Clearwater Trl  Jonesboro Ga 30238,GA,On,Silver Classic Standard CSR 150,$0.00 ,$538.19 ,1,04/01/2024,04/30/2024,Inactive,,,,
OSC77853328-01,Chessie Kelley,08/16/1975,No,chessie.kelley75@gmail.com,chessie.kelley75@gmail.com,713-405-0237,5136 Mallow St #Aptb Houston Tx 77033,TX,On,Gold Classic Standard,$26.76 ,$552.00 ,1,02/01/2024,12/31/2024,Active,,,,
OSC77618144-01,Marquita Walker,12/05/1983,No,marquitawalker1983@gmail.com,marquitawalker1983@gmail.com,762-231-3189,4038 Gladesworth Ln  Decatur Ga 30035,GA,On,Silver Classic Standard CSR 200,$1.71 ,$939.00 ,2,05/01/2024,12/31/2024,Active,,,,
OSC77492697-01,Alay Burden,12/25/1975,No,alay.burden@icloud.com,alay.burden@icloud.com,770-580-9719,4862 Ga Highway 41  Preston Ga 31824,GA,On,Bronze Classic 4700,$1.50 ,$516.00 ,1,06/01/2024,12/31/2024,Delinquent,,,,
OSC78083339-01,Dante Wyche,08/17/1977,No,dantetravez56@gmail.com,dantetravez56@gmail.com,678-683-1174,55 Maple St Nw Apt 410 Atlanta Ga 30314,GA,On,Silver Classic Standard CSR 150,$0.00 ,$559.06 ,1,01/01/2024,07/31/2024,Active,,,,
OSC77388641-01,Robert Doherty,05/15/1988,No,divinecreation33@gmail.com,divinecreation33@gmail.com,470-618-7621,386 Lanier Nw St Aptb9At Atlanta Ga 30318,GA,On,Silver Simple PCP Saver CSR 150,$0.00 ,$457.91 ,1,06/01/2024,12/31/2024,Active,,,,
OSC78797375-01,Niusia Waisenberg,12/02/1933,No,saulo@selcon.net,saulo@selcon.net,754-707-1140,10440 Sw 56Th Street  Cooper City Fl 33328,FL,On,Bronze Classic 4700,$148.61 ,$801.00 ,1,01/01/2024,01/31/2024,Inactive,,,,
OSC77829054-01,Aaliyah Davis Ivey,12/25/2003,No,aaliyahdavis1970@gmail.com,aaliyahdavis1970@gmail.com,470-430-7117,960 Sells Ave Sw Apt 710  Atlanta Ga 30310,GA,On,Silver Classic Standard CSR 150,$0.00 ,$361.52 ,1,02/01/2024,07/31/2024,Active,,,,
OSC77747675-01,Malick Marshall,08/08/1997,No,Malickmarshall21@gmail.com,malickmarshall21@gmail.com,404-839-6647,4079 Scott Dr  Forest Park Ga 30297,GA,On,Bronze Classic 4700,$0.00 ,$342.07 ,1,02/01/2024,12/31/2024,Active,,,,
OSC78006904-01,Keon Russell,06/25/1984,No,,,954-793-6310,2240 Nw 59Th Way  Lauderhill Fl 33313,FL,On,Bronze Classic,$0.00 ,$361.39 ,1,01/01/2024,03/31/2024,Inactive,,,,
OSC77333867-01,Lorie Allgood,02/26/1971,No,jlori223@gmail.com,jlori223@gmail.com,380-240-1668,2234 Breeze Hill Dr  Grove City Oh 43123,OH,On,Silver Classic (Select) CSR 200,$0.00 ,$0.00 ,1,06/01/2024,05/31/2024,Inactive,,,,
OSC78205525-01,Joshua Mcneil,10/05/1990,No,makkmakk21@gmail.com,makkmakk21@gmail.com,470-437-8712,733 Pineridge Dr  Forest Park Ga 30297,GA,On,Silver Simple PCP Saver CSR 150,$0.00 ,$445.99 ,1,02/01/2024,12/31/2024,Active,,,,
OSC78014229-01,Bobbie Blaylock Jr,11/20/1978,No,bobbieblaylock18@gmail.com,bobbieblaylock18@gmail.com,254-627-9339,1004 W H St  Cameron Tx 76520,TX,On,Silver Simple PCP Saver CSR 150,$0.00 ,$543.61 ,1,05/01/2024,04/30/2024,Inactive,,,,
OSC77374495-01,Brendan Disney,12/17/1987,No,,,623-257-4666,4 Sioux Ct  Eldridge Ia 52748,IA,On,Silver Simple PCP Saver CSR 150 | MercyOne,$0.00 ,$422.31 ,1,06/01/2024,12/31/2024,Active,,,,
OSC78419534-01,Mario Gordon,08/28/1979,No,mariogordon124@gmail.com,mariogordon124@gmail.com,470-894-0439,1014 Medalist Dr  Dallas Tx 75232,TX,On,Bronze Classic 4700,$26.00 ,$432.00 ,1,01/01/2024,01/31/2024,Inactive,,,,
OSC77934957-01,Deangelo Williams,03/21/1999,No,williamsdeangelo63@gmail.com,williamsdeangelo63@gmail.com,470-591-6730,1690 Camperdown Cir  Decatur Ga 30035,GA,On,Silver Classic Standard CSR 200,$3.72 ,$369.00 ,1,04/01/2024,12/31/2024,Grace period,,,,
OSC79419169-01,Rony Constantin,11/19/1964,No,ronyconstantin1964@gmail.com,ronyconstantin1964@gmail.com,305-721-9660,531 Ne 141St St  North Miami Fl 33161,FL,On,Silver Simple PCP Saver CSR 200,$0.00 ,$0.00 ,1,07/01/2024,06/30/2024,Inactive,,,,
OSC77961642-01,Henry Williams,09/23/1966,No,sdmgroup.atl@gmail.com,sdmgroup.atl@gmail.com,470-997-9199,1142 West Sw Ave Apt4410 Atlanta Ga 30315,GA,On,Silver Classic Standard CSR 150,$0.00 ,$908.28 ,1,01/01/2024,05/31/2024,Inactive,,,,
OSC77558421-01,Cymberli Brown,10/31/1989,No,bcymberli89@gmail.com,bcymberli89@gmail.com,770-524-5742,3947 Covington Hwy Apt L Atlanta Ga 30332,GA,On,Silver Classic Standard CSR 150,$0.00 ,$452.46 ,5,05/01/2024,04/30/2024,Inactive,,,,
OSC77476102-01,Cherri Bess,07/03/1991,No,cbgray36@yahoo.com,cbgray36@yahoo.com,678-852-2958,1205 Panola Rd  Stone Mountain Ga 30088,GA,On,Silver Classic Standard CSR 150,$0.00 ,$0.00 ,1,05/01/2024,04/30/2024,Inactive,,,,
OSC77664745-01,Elexus Spann,10/30/1993,No,elexus.spann@icloud.com,elexus.spann@icloud.com,404-781-5543,663 Thurmond St Nw Apt. 4 Atlanta Ga 30314,GA,On,Silver Simple PCP Saver CSR 150,$0.00 ,$0.00 ,1,02/01/2024,01/31/2024,Inactive,,,,
OSC77484111-01,Abdul Pugh,11/12/2007,No,,,,6295 Jimmy Carter Blvd Apt 130 Norcross Ga 30071,GA,On,Bronze Simple 2,$0.00 ,$0.00 ,1,05/01/2024,04/30/2024,Inactive,,,,
OSC77622604-01,Samantha Walker,04/06/1983,No,sammy616.snw@gmail.com,sammy616.snw@gmail.com,404-551-8232,2020 Austin Park Cir  Decatur Ga 30032,GA,On,Silver Classic Standard CSR 150,$0.00 ,$476.32 ,1,03/01/2024,07/31/2024,Active,,,,
OSC79570503-01,Jim Lassin,09/10/1997,Yes,jim.lassin2023@outlook.com,jim.lassin2023@outlook.com,407-308-1785,16082 Ne 9Th Pl  North Miami Beach Fl 33162,FL,On,Silver Simple- PCP Saver CSR 150,$0.00 ,$0.00 ,1,12/01/2023,11/30/2023,Inactive,,,,
OSC78303087-01,Labresha Cameron,09/09/1995,No,bresha330@gmail.com,bresha330@gmail.com,470-418-5207,3251 Highpoint Ct Apt C Snellville Ga 30078,GA,On,Silver Classic- Standard CSR 150,$0.00 ,$0.00 ,3,09/01/2023,08/31/2023,Inactive,,,,
OSC77984821-01,Tremecia Evans,09/08/1987,No,tremecia.evans@gmail.com,tremecia.evans@gmail.com,678-396-9695,370 North Ave  Hapeville Ga 30354,GA,On,Silver Simple PCP Saver CSR 150,$0.00 ,$0.00 ,1,01/01/2024,12/31/2023,Inactive,,,,
OSC77608335-01,Sherry Freeman,06/03/1959,No,sherryfreeman1959@gmail.com,sherryfreeman1959@gmail.com,678-346-5269,643 Lee Maddox Rd  Jackson Ga 30233,GA,On,Silver Simple PCP Saver CSR 150,$0.00 ,"$1,116.85 ",1,03/01/2024,12/31/2024,Active,,,,
OSC78527541-01,Leah Pennyman,11/07/1974,No,ljpennyman@gmail.com,ljpennyman@gmail.com,404-457-2664,2034 Holly Hill Dr  Decatur Ga 30032,GA,On,Bronze Classic PCP Saver Plus,$0.00 ,$537.50 ,1,06/01/2024,12/31/2024,Active,,,,
OSC77651176-01,Quiana Moore,03/28/2002,No,quianam345@icloud.com,quianam345@icloud.com,470-483-6032,986 King Rd  Riverdale Ga 30296,GA,On,Silver Classic Standard CSR 150,$0.00 ,$372.72 ,1,03/01/2024,12/31/2024,Active,,,,
OSC77597874-01,Jamell Freeman,10/08/1994,No,jamellfreeman16@gmail.com,jamellfreeman16@gmail.com,678-790-6694,5462 Sigman St  Stone Mountain Ga 30083,GA,On,Silver Classic Standard CSR 150,$0.00 ,$417.06 ,1,05/01/2024,12/31/2024,Active,,,,
OSC78044997-01,Joshua Walker Jr,01/20/1999,No,joshwalker755@gmail.com,joshwalker755@gmail.com,470-240-9051,740 Bonnie Brae Ave Sw  Atlanta Ga 30310,GA,On,Silver Classic Standard CSR 150,$0.00 ,$372.72 ,1,04/01/2024,03/31/2024,Inactive,,,,
OSC77748099-01,Brooks Thomas,10/10/1982,No,4aeverepic.da1@gmail.com,4aeverepic.da1@gmail.com,404-916-0490,654 Boulevard Ne Apt 102 Atlanta Ga 30308,GA,On,Silver Classic Standard CSR 150,$0.00 ,$485.26 ,1,05/01/2024,12/31/2024,Active,,,,
OSC78322270-01,Katrina Kennedy,03/28/1980,No,kkennedy1203@yahoo.com,kkennedy1203@yahoo.com,919-884-8590,3365 Clifton Church Rd Se  Atlanta Ga 30316,GA,On,Bronze Classic 4700,$0.00 ,$431.73 ,1,01/01/2024,12/31/2024,Active,,,,
OSC77459541-01,Ramel Crenshaw,05/15/1992,No,m2m.glob@gmail.com,m2m.glob@gmail.com,678-984-0788,140 Rockyford Rd Ne  Atlanta Ga 30317,GA,On,Silver Simple PCP Saver CSR 150,$0.00 ,$431.47 ,1,05/01/2024,12/31/2024,Active,,,,
OSC78294774-01,Alandra Anderson,02/01/1975,No,aelisha603@gmail.com,aelisha603@gmail.com,470-783-0549,1094 Thornwoode Ln  Stone Mountain Ga 30083,GA,On,Silver Classic Standard CSR 200,$0.00 ,$609.37 ,1,02/01/2024,12/31/2024,Active,,,,
OSC78124352-01,Chencherry Walton,11/01/1985,No,chencherryw01@gmail.com,chencherryw01@gmail.com,770-940-9338,7653 Commerce Ct  Riverdale Ga 30296,GA,On,Silver Simple CSR 150,$0.00 ,$0.00 ,2,01/01/2024,12/31/2023,Inactive,,,,
OSC77827154-01,Jamel Thompson,08/19/1980,No,thompsonjamel08@gmail.com,thompsonjamel08@gmail.com,404-901-6515,3385 Collier Ct Nw  Atlanta Ga 30331,GA,On,Silver Classic Standard CSR 150,$0.00 ,$505.76 ,2,06/01/2024,12/31/2024,Active,,,,
OSC77522959-01,Kathy-Ann Watson,02/10/1973,No,Kathyann.watson@yahoo.com,kathyann.watson@yahoo.com,973-441-8054,4153 Wellington Hills Dr  Snellville Ga 30039,GA,On,Silver Simple PCP Saver CSR 200,$4.31 ,$690.00 ,1,04/01/2024,12/31/2024,Active,,,,
OSC77639030-01,Ricquel Dykes,08/27/1996,No,,,770-855-8970,5883 Foxfield Trl  Rex Ga 30273,GA,On,Silver Classic Standard CSR 150,$0.00 ,$390.60 ,1,07/01/2024,06/30/2024,Inactive,,,,
OSC77861276-01,Wykhiva Oliver,04/30/1977,No,oliverwykhiva@yahoo.com,oliverwykhiva@yahoo.com,832-801-8530,12101 Fondren Rd 607 Houston Tx 77035,TX,On,Silver Classic Standard CSR 150,$109.82 ,$507.00 ,1,01/01/2024,03/31/2024,Inactive,,,,
OSC77356742-01,Tiffany Clahar,12/08/1987,No,tipclahar@gmail.com,tipclahar@gmail.com,770-688-9941,2204 Wingfoot Pl  Decatur Ga 30035,GA,On,Silver Classic Standard CSR 150,$0.00 ,$458.43 ,1,06/01/2024,12/31/2024,Active,,,,
OSC77471546-01,Tilique Wiley,03/29/1999,No,romtahleek@gmail.com,romtahleek@gmail.com,929-627-3879,100 Camellia Ln Apt 115  Lithonia Ga 30058,GA,On,Silver Simple PCP Saver CSR 150,$0.00 ,$373.77 ,1,05/01/2024,12/31/2024,Active,,,,
OSC78921198-01,Fabrie'L Robinson,05/16/1963,No,fdelvon516@gmail.com,fdelvon516@gmail.com,470-907-8852,6782 Rambo Ct  Riverdale Ga 30274,GA,On,Silver Classic Standard CSR 150,$0.00 ,"$1,011.52 ",1,06/01/2024,12/31/2024,Active,,,,
OSC79802841-01,Frantz Cherasard,09/30/1988,Yes,fcherasard21@gmail.com,fcherasard21@gmail.com,954-512-0580,6401 Sw 20Th Ct  Miramar Fl 33023,FL,On,Silver Simple CSR 150,$18.54 ,$445.00 ,1,03/01/2024,02/29/2024,Inactive,,,,
OSC78136424-01,Brenda Lea Glidewell,11/13/1964,No,bm709646@gmail.com,bm709646@gmail.com,561-248-8868,1401 Division Ave Apt 106 West Palm Beach Fl 33401,FL,On,Bronze Classic 4700,$0.00 ,$858.36 ,1,06/01/2024,05/31/2024,Inactive,,,,
OSC78242379-01,Sean Charles,02/10/1969,No,seanc8881@gmail.com,seanc8881@gmail.com,786-665-9261,3270 Nw 47Th St B Miami Fl 33142,FL,On,Bronze Classic Standard,$0.00 ,$0.00 ,1,02/01/2024,01/31/2024,Inactive,,,,
OSC78006474-01,Geofrey Robinson,03/13/1991,No,,,786-302-3836,8135 Nw 31St Ave  Miami Fl 33147,FL,On,Bronze Classic,$0.00 ,$351.81 ,1,01/01/2024,12/31/2024,Active,,,,
OSC79075532-01,Arvin Jones,09/07/1965,No,arbiejones9@gmail.com,arbiejones9@gmail.com,678-965-0419,4719 Central Dr Apt 9D Stone Mountain Ga 30083,GA,On,Silver Classic Standard CSR 150,$0.00 ,$0.00 ,1,01/01/2024,12/31/2023,Inactive,,,,
OSC79064724-01,Katiuska Stella,12/28/1969,No,katiuskastella@yahoo.com,katiuskastella@yahoo.com,941-536-7706,1102 23Rd Ave W  Palmetto Fl 34221,FL,On,Silver Simple- PCP Saver CSR 200,$0.00 ,$0.00 ,2,01/01/2023,12/31/2022,Inactive,,,,
OSC77893067-01,Elizabeth McDuffie,11/24/1983,No,Liz.mcdff@gmail.com,liz.mcdff@gmail.com,386-690-8224,360 S Wild Orange Dr  New Smyrna Beach Fl 32168,FL,On,Silver Simple PCP Saver CSR 150,$41.48 ,"$1,890.00 ",6,01/01/2024,12/31/2024,Active,,,,
OSC78153616-01,Shinneka Marshall,01/05/2001,No,shinneka.marshall3@gmail.com,shinneka.marshall3@gmail.com,470-979-4940,4015 Trillium Wood Trl  Snellville Ga 30039,GA,On,Silver Simple CSR 150,$4.80 ,$373.00 ,1,03/01/2024,12/31/2024,Active,,,,
OSC77833076-01,Tereance Horne,01/08/1987,No,htereance@gmail.com,htereance@gmail.com,210-639-6452,6370 Shannon Pkwy Apt 1406  Union City Ga 30291,GA,On,Silver Simple PCP Saver CSR 150,$0.00 ,$457.91 ,1,02/01/2024,01/31/2024,Inactive,,,,
OSC79640266-01,Leglexton Roberts,09/21/1984,No,donte.roberts1984@gmail.com,donte.roberts1984@gmail.com,813-504-6127,11107 Lakewood Pointe Dr Apt 201 Seffner Fl 33584,FL,On,Silver Simple PCP Saver CSR 200,$36.16 ,$442.00 ,1,03/01/2024,12/31/2024,Active,,,,
OSC78303151-01,Catarina Fiuza,01/11/1997,No,Fiuzacatarina@gmail.com,fiuzacatarina@gmail.com,941-599-2547,4514 3Rd Street Cir W Apt 525  Bradenton Fl 34207,FL,On,Silver Elite CSR 150,$53.83 ,$643.00 ,2,12/01/2023,12/31/2023,Inactive,,,,
OSC79507560-01,Tyler Mccoy,11/17/1995,No,star.young75@yahoo.com,star.young75@yahoo.com,470-650-6406,3156 Mount Zion Rd Apt 2209 Stockbridge Ga 30281,GA,On,Bronze Classic PCP Saver Plus,$0.00 ,$342.48 ,1,07/01/2024,12/31/2024,Active,,,,
OSC77867278-01,Jamila Abdur-Rahim,01/21/1981,No,jaedot888@yahoo.com,jaedot888@yahoo.com,443-769-5937,301 Rhodes Lane  Griffin Ga 30224,GA,On,Silver Elite Saver Plus CSR 200,$17.04 ,$802.00 ,2,02/01/2024,12/31/2024,Active,,,,
OSC77917644-01,Glinda Dukes,02/14/1963,No,grd0214feb@gmail.com,grd0214feb@gmail.com,404-749-7887,5915 Trammell Rd Apt Bb6 Morrow Ga 30260,GA,On,Silver Classic Standard CSR 150,$0.00 ,"$1,047.30 ",1,06/01/2024,12/31/2024,Active,,,,
OSC77432418-01,Jason Liggins,07/21/1979,No,jasonliggins4@gmail.com,jasonliggins4@gmail.com,404-942-8208,3560 Clubhouse Cir E Apt B Decatur Ga 30032,GA,On,Silver Simple CSR 150,$0.00 ,$0.00 ,1,05/01/2024,04/30/2024,Inactive,,,,
OSC78779720-01,Marcia Santana,01/11/1978,No,marciasantanatata@gmail.com,marciasantanatata@gmail.com,407-680-5971,6008 Raleigh St Apt 2305  Orlando Fl 32835,FL,On,Silver Elite CSR 150,$23.07 ,$982.00 ,2,05/01/2024,12/31/2024,Active,,,,
OSC79031305-01,Lakesha Stovall,02/05/1979,No,lakeshastovall@gmail.com,lakeshastovall@gmail.com,334-947-7659,59 Camden Way  Fairburn Ga 30213,GA,On,Silver Classic Standard CSR 150,$0.00 ,$538.19 ,1,04/01/2024,12/31/2024,Active,,,,
OSC77976496-01,Deandre Hull,04/14/1994,No,deandrehull1994@gmail.com,deandrehull1994@gmail.com,678-267-8471,560 Parkdale Dr Unit 213 Scottdale Ga 30079,GA,On,Silver Classic Standard CSR 150,$0.00 ,$0.00 ,1,01/01/2024,12/31/2023,Inactive,,,,
OSC77359628-01,Keisha Brown,07/05/1978,No,bdneise@gmail.com,bdneise@gmail.com,470-890-7623,3736 Elkridge Dr  Decatur Ga 30032,GA,On,Silver Classic Standard CSR 150,$0.00 ,$538.19 ,1,06/01/2024,12/31/2024,Active,,,,
OSC78036289-01,Antonia Tatum,09/13/1999,No,toniatatum26@gmail.com,toniatatum26@gmail.com,678-478-3598,4767 Price St  Forest Park Ga 30297,GA,On,Silver Classic Standard CSR 150,$0.00 ,$372.72 ,1,05/01/2024,04/30/2024,Inactive,,,,
OSC77869657-01,Vince Voltaire,04/16/2000,No,vincevoltaire94@gmail.com,vincevoltaire94@gmail.com,954-494-0790,2400 Nw 30Th Ter  Ft Lauderdale Fl 33311,FL,On,Secure,$0.00 ,$0.00 ,1,01/01/2024,12/31/2023,Inactive,,,,
OSC78531904-01,Efrin Hernandez,05/19/1996,No,efrinhernandez226@gmail.com,efrinhernandez226@gmail.com,832-938-6264,4601 Village Ln Apt 2081 Baytown Tx 77521,TX,On,Gold Classic,$28.74 ,$354.00 ,1,02/01/2024,12/31/2024,Active,,,,
OSC79905099-01,Katherine Martinez,12/09/1975,No,kmortiz09@gmail.com,kmortiz09@gmail.com,939-640-4099,4146 Austen Falls Ln  Orlando Fl 32828,FL,On,Bronze Elite + PCP Saver Plus,$0.00 ,$606.86 ,1,06/01/2024,12/31/2024,Active,,,,
OSC78162613-01,Kayla Jackman-Baker,11/07/2004,No,kaylabaker1107@gmail.com,kaylabaker1107@gmail.com,347-210-3340,1302 Greenview Dr  Griffin Ga 30224,GA,On,Silver Classic Standard CSR 150,$0.00 ,$350.72 ,1,02/01/2024,01/31/2024,Inactive,,,,
OSC77370961-01,Micheal Sims,01/26/1960,No,michaelsims45@gmail.com,michaelsims45@gmail.com,404-932-4114,2051 Flat Shoals Rd Se Apt D6 Atlanta Ga 30316,GA,On,Silver Classic Standard CSR 150,$0.00 ,"$1,118.12 ",1,06/01/2024,06/30/2024,Inactive,,,,
OSC77665993-01,Travarris Bozeman,02/08/2000,No,travarris8@gmail.com,travarris8@gmail.com,470-236-0884,500 Lorene Dr Sw Appt 536 Marietta Ga 30060,GA,On,Silver Classic Standard CSR 150,$0.00 ,$0.00 ,1,05/01/2024,04/30/2024,Inactive,,,,
OSC77726038-01,Jeremy Pearson,03/20/1985,No,Jeremy@Parkerroofs.com,jeremy@parkerroofs.com,407-467-4318,2870 Waccassa St  Geneva Fl 32732,FL,On,Bronze Elite Saver Plus,$460.99 ,$274.00 ,2,02/01/2024,12/31/2024,Active,,,,
OSC77875401-01,Chasity Lesuer,10/21/2004,No,createdtoworship54@gmail.com,createdtoworship54@gmail.com,404-862-9085,2761 Davidson Dr  Lithonia Ga 30058,GA,On,Silver Simple PCP Saver CSR 150,$0.00 ,$350.32 ,1,06/01/2024,05/31/2024,Inactive,,,,
OSC77535233-01,Kristy Freeman,12/02/1985,No,kristy120285@gmail.com,kristy120285@gmail.com,580-236-6556,4428 Nw 31St St  Oklahoma City Ok 73112,OK,On,Bronze Classic PCP Saver Plus,$0.00 ,$722.94 ,2,07/01/2024,06/30/2024,Inactive,,,,
OSC79153063-01,Alexia Williams,01/03/1984,No,alexiawilliams183@gmail.com,alexiawilliams183@gmail.com,470-926-0592,185 Little Joe Ct  Riverdale Ga 30274,GA,On,Silver Simple PCP Saver CSR 150,$0.00 ,$475.78 ,1,06/01/2024,12/31/2024,Active,,,,
OSC79132535-01,Robert North,12/19/1986,No,rocafella001gz@gmail.com,rocafella001gz@gmail.com,678-754-5413,3342 Tulip Dr  Decatur Ga 30032,GA,On,Silver Simple PCP Saver CSR 150,$0.00 ,$460.88 ,1,06/01/2024,05/31/2024,Inactive,,,,
OSC78045356-01,Orville Richards,02/11/1982,No,Orvillec.richards@gmail.com,orvillec.richards@gmail.com,770-744-8480,1976 Snapfinger Rd  Decatur Ga 30035,GA,On,Silver Simple PCP Saver CSR 150,$0.00 ,$493.27 ,1,04/01/2024,04/30/2024,Inactive,,,,
OSC78274999-01,Sylvia Ntiamoah,12/20/1984,No,s.ntiamoah1984@gmail.com,s.ntiamoah1984@gmail.com,470-680-4785,5530 Old Dixie Hwy Q-06 Forest Park Ga 30297,GA,On,Silver Simple CSR 150,$0.00 ,$0.00 ,1,01/01/2024,12/31/2023,Inactive,,,,
OSC77959150-01,Paula Dias,09/28/1986,No,diaspaula308@gmail.com,diaspaula308@gmail.com,941-250-2819,8084 50Th Ave N  Saint Petersburg Fl 33709,FL,On,Silver Elite CSR 150,$47.91 ,$744.00 ,2,01/01/2024,12/31/2024,Delinquent,,,,
OSC77753159-01,Lonnie Vaugh,10/10/1966,No,isrealvaugn753@gmail.com,isrealvaugn753@gmail.com,404-903-4447,1805 Cora Starr Way  Stone Mountain Ga 30088,GA,On,Silver Classic Standard CSR 150,$0.00 ,$908.28 ,1,05/01/2024,05/31/2024,Inactive,,,,
OSC77378855-01,Quinlan Butler,09/02/1983,No,quinlanbutler1@gmail.com,quinlanbutler1@gmail.com,513-206-5460,878 White St Sw  Atlanta Ga 30310,GA,On,Silver Simple PCP Saver CSR 150,$0.00 ,$475.78 ,1,08/01/2024,12/31/2024,Paid binder,,,,
OSC79093052-01,Martina Mulbah,01/21/1981,No,martinamulbah40@gmail.com,martinamulbah40@gmail.com,404-749-7540,1199 Round Table Ln  Riverdale Ga 30296,GA,On,Silver Simple PCP Saver CSR 150,$0.00 ,$505.19 ,1,04/01/2024,12/31/2024,Active,,,,
OSC78319377-01,Susan Rivas,11/14/1974,No,susan74tivad@gmail.com,susan74tivad@gmail.com,512-999-4897,1601 Montopolis Dr Apt 511 Austin Tx 78741,TX,On,Bronze Classic 4700,$0.00 ,$623.75 ,1,01/01/2024,06/30/2024,Inactive,,,,
OSC78915074-01,Amber Smiley,12/13/1983,No,Ambernicolesmiley@gmail.com,ambernicolesmiley@gmail.com,678-794-0156,1136 Sanfords Walk  Tucker Ga 30084,GA,On,Silver Simple PCP Saver CSR 200,$510.58 ,$250.00 ,2,07/01/2024,12/31/2024,Active,,,,
OSC77765745-01,Ashley Wilson,10/20/1993,No,wilsonda1020@gmail.com,wilsonda1020@gmail.com,240-460-0883,240 E Belle Isle Rd Apt 156 Sandy Springs Ga 30342,GA,On,Silver Simple Diabetes CSR 200,$0.00 ,$0.00 ,1,06/01/2024,05/31/2024,Inactive,,,,
OSC78165172-01,Edith Nwankwo,10/06/1964,No,edithnwankwo42@gmail.com,edithnwankwo42@gmail.com,770-478-3511,6653 Wellesley Drive  Riverdale Ga 30296,GA,On,Silver Classic Standard CSR 150,$0.00 ,$0.00 ,1,01/01/2024,12/31/2023,Inactive,,,,
OSC77402488-01,Colleen Stebbins,09/03/1976,No,colleenmingnon@gmail.com,colleenmingnon@gmail.com,470-380-5947,170 Calborne Ct  Alpharetta Ga 30005,GA,On,Silver Simple PCP Saver CSR 200,$0.00 ,$921.77 ,2,06/01/2024,12/31/2024,Active,,,,
OSC78440656-01,Leroy Simpson,07/19/1964,No,simpsonleroy71@gmail.com,simpsonleroy71@gmail.com,470-594-8116,Po Box 1966  Jonesboro Ga 30237,GA,On,Bronze Classic PCP Saver Plus,$22.12 ,$798.00 ,1,05/01/2024,04/30/2024,Inactive,,,,
OSC77939644-01,Taylor Nelson,01/02/1997,No,,,561-876-4582,9267 Savannah Estates Dr  Lake Worth Fl 33467,FL,On,Bronze Classic,$0.00 ,$0.00 ,1,01/01/2024,12/31/2023,Inactive,,,,
OSC78481499-01,Maria Miller,10/11/1970,No,mariab_miller@yahoo.com,mariab_miller@yahoo.com,404-587-5259,1145 Lynhurst Dr Sw  Atlanta Ga 30311,GA,On,Silver Simple PCP Saver CSR 150,$0.00 ,"$1,131.74 ",3,07/01/2024,12/31/2024,Active,,,,
OSC78230865-01,Saint Brumfield,04/07/2003,No,,,904-916-6121,6185 Bassanova Ct  Jacksonville Fl 32209,FL,On,Secure,$0.00 ,$0.00 ,1,01/01/2024,12/31/2023,Inactive,,,,
OSC79519594-01,German Diaz,05/21/1974,No,germandiaz809@gmail.com,germandiaz809@gmail.com,484-885-0201,5900 Sw 109Th Ave  Miami Fl 33173,FL,On,Bronze Classic 4700,$0.00 ,$560.81 ,1,01/01/2024,12/31/2024,Active,,,,
OSC78120427-01,Audrey Hatter,02/18/1993,No,audreyhatter@yahoo.com,audreyhatter@yahoo.com,832-946-6749,1005 Gregg St Apt 1005 Houston Tx 77020,TX,On,Bronze Elite + PCP Saver Plus,$0.00 ,$0.00 ,1,01/01/2024,12/31/2023,Inactive,,,,
OSC77870969-01,Kewon Holland,11/15/2001,No,kewonholland@gmail.com,kewonholland@gmail.com,404-358-2152,1150 Maple Walk Cir Apt 1126 Decatur Ga 30032,GA,On,Silver Classic Standard CSR 150,$0.00 ,$372.72 ,1,07/01/2024,06/30/2024,Inactive,,,,
OSC78793055-01,Anthony Reed,03/22/1960,No,,,404-914-7018,1634 Hollywood Rd Nw Apt 65  Atlanta Ga 30318,GA,On,Silver Simple PCP Saver CSR 150,$0.00 ,"$1,116.85 ",1,06/01/2024,12/31/2024,Active,,,,
OSC77352674-01,Laura Siler,05/26/1973,No,laura.siler0428@outlook.com,laura.siler0428@outlook.com,213-638-6549,2500 N Nottingham Way Apt 9 Oklahoma City Ok 73160,OK,On,Bronze Elite + PCP Saver Plus,$0.00 ,$0.00 ,1,07/01/2024,06/30/2024,Inactive,,,,
OSC78059932-01,Taneshia Donaldson,03/30/1986,No,mez.sonaldson305@gmail.com,mez.sonaldson305@gmail.com,786-444-0971,2529 Shiloh Dr  Decatur Ga 30034,GA,On,Bronze Simple 2,$0.00 ,$704.02 ,2,01/01/2024,03/31/2024,Inactive,,,,
OSC78010185-01,Jamecia Lanier,10/31/1998,No,,,305-345-6581,1535 Nw 31St St  Miami Fl 33142,FL,On,Bronze Classic,$0.00 ,$298.58 ,1,01/01/2024,05/31/2024,Inactive,,,,
OSC77867687-01,Monica Watts,09/07/1981,No,monicadenise99@gmail.com,monicadenise99@gmail.com,513-277-9350,3420 Kensington Pl  Cincinnati Oh 45205,OH,On,Silver Elite Saver Plus (Select) CSR 200,$35.35 ,$422.00 ,1,06/01/2024,12/31/2024,Active,,,,
