Broker_NPN,Broker_First_Name,Broker_Last_Name,Member_First_Name,Member_Last_Name,Address1,Address2,City,State,Zip,State2,dob,Gender,Application_Date,Effective_date,Product,End_Date,Status,Member_Premium,Total_Premium,Paid_Through_Date,Net_Due_Amount,Scheduled_Term_Date,HIX_ID,Subscriber_ID,Member_Count,Member_Bussiness_Phone,Original_Effective_Date,Broker_Start_Date,Broker_End_Date
17187369,Blake,Odom,Shemar,Allison,715 2Nd St Ne,,Canton,OH,44704,OH,12/01/2000,M,07/04/2024,08/01/2024,Silver 8 100,01/01/2099,Active,0,336.44,08/31/2024,0,,OH-0004326900,OH-0004326900,1,9093595671,08/01/2024,08/01/2024,
17187369,Blake,Odom,Yanieliz,Andujar,1542 E 45Th St,,Cleveland,OH,44103,OH,09/30/2012,F,05/31/2024,08/01/2024,Silver 12 150 with First 4 Primary Care Visits Free,01/01/2099,Active,0,653.82,08/31/2024,0,,OH-0004284992,OH-0004573872,2,2162786337,06/01/2024,08/01/2024,
17187369,Blake,Odom,Yolanda,Andujar,1542 E 45Th St,,Cleveland,OH,44103,OH,04/10/1982,F,05/31/2024,08/01/2024,Silver 12 150 with First 4 Primary Care Visits Free,01/01/2099,Active,0,653.82,08/31/2024,0,,OH-0004573872,OH-0004573872,2,2162786337,06/01/2024,08/01/2024,
17187369,Blake,Odom,Javis,Blogg,9849 Woodland Ct,,Ypsilanti,MI,48197,MI,08/12/1994,M,07/02/2024,08/01/2024,Silver 8 100,01/01/2099,Active,0,293.95,08/31/2024,0,,MI-0003918796,MI-0003918796,1,9894698325,08/01/2024,08/01/2024,
17187369,Blake,Odom,Anne,Boyd,12706 Iowa Ave,Upstairs,Cleveland,OH,44108,OH,11/01/1965,F,07/02/2024,08/01/2024,Silver 8 100,01/01/2099,Active,0,792.71,08/31/2024,0,,OH-0003690358,OH-0003690358,1,2164142113,08/01/2024,08/01/2024,
17187369,Blake,Odom,Ericka,Brandon,800 Hilyard Robinson Way,,Ypsilanti,MI,48197,MI,06/18/1990,F,07/02/2024,08/01/2024,Silver 8 100,01/01/2099,Active,0,318.9,08/31/2024,0,,MI-0004420574,MI-0004420574,1,5167804278,08/01/2024,08/01/2024,
17187369,Blake,Odom,Javier,Caldwell,15725 Van Aken Blvd,Apt 209,Cleveland,OH,44120,OH,12/16/1998,M,07/04/2024,08/01/2024,Silver 8 100,01/01/2099,Active,0,312.35,08/31/2024,0,,OH-0004615788,OH-0004615788,1,2163319453,08/01/2024,08/01/2024,
17187369,Blake,Odom,Amahd,Carter,657 N Maple Rd,,Ann Arbor,MI,48103,MI,02/24/1995,M,07/03/2024,08/01/2024,Silver 8 100,01/01/2099,Active,0,293.95,08/31/2024,0,,MI-0004082607,MI-0004082607,1,7342180668,08/01/2024,08/01/2024,
17187369,Blake,Odom,Angel,Chacon,3570 W 50Th St,,Cleveland,OH,44102,OH,05/30/2002,M,07/05/2024,08/01/2024,Silver 8 100,01/01/2099,Active,0,311.11,08/31/2024,0,,OH-0004642080,OH-0004642080,1,2167321052,08/01/2024,08/01/2024,
17187369,Blake,Odom,Tshibole,Dalicia,3875 W 20Th St,Upstairs,Cleveland,OH,44109,OH,03/21/2006,F,07/04/2024,08/01/2024,Silver 8 150,01/01/2099,Active,0,1340.88,08/31/2024,0,,OH-0004705147,OH-0003532122,4,4402191682,08/01/2024,08/01/2024,
17187369,Blake,Odom,Shawna,Ervin,3178 W 48Th St,,Cleveland,OH,44102,OH,04/30/1995,F,07/02/2024,08/01/2024,Silver 8 150,01/01/2099,Active,0,348.13,08/31/2024,0,,OH-0004540264,OH-0004540264,1,2165629294,08/01/2024,08/01/2024,
17187369,Blake,Odom,Daniel,Fontanez,4005 W 23Rd St,,Cleveland,OH,44109,OH,07/29/1996,M,07/04/2024,08/01/2024,Silver 12 100 with First 4 Primary Care Visits Free,01/01/2099,Active,0,340.05,08/31/2024,0,,OH-0003868876,OH-0003868876,1,2166225197,08/01/2024,08/01/2024,
17187369,Blake,Odom,Caloni,Franklin,719 Manor Dr,,Ypsilanti,MI,48197,MI,12/13/2003,F,07/13/2024,08/01/2024,Silver 8 100,01/01/2099,Active,0,254.81,07/31/2024,0,,MI-0004118152,MI-0004118152,1,7345798594,08/01/2024,08/01/2024,
17187369,Blake,Odom,Bernard,Fwamba,3875 W 20Th St,Upstairs,Cleveland,OH,44109,OH,03/26/2003,M,07/04/2024,08/01/2024,Silver 8 150,01/01/2099,Active,0,1340.88,08/31/2024,0,,OH-0004635577,OH-0003532122,4,4402191682,08/01/2024,08/01/2024,
17187369,Blake,Odom,Didier,Fwamba,3875 W 20Th St,Upstairs,Cleveland,OH,44109,OH,08/20/2000,M,07/04/2024,08/01/2024,Silver 8 150,01/01/2099,Active,0,1340.88,08/31/2024,0,,OH-0004231295,OH-0003532122,4,4402191682,08/01/2024,08/01/2024,
17187369,Blake,Odom,Rashid,Green,88 E Prospect St,,Painesville,OH,44077,OH,04/07/2004,M,07/03/2024,08/01/2024,Silver 8 100,01/01/2099,Active,0,301.78,08/31/2024,0,,OH-0004037972,OH-0004037972,1,2166828645,08/01/2024,08/01/2024,
17187369,Blake,Odom,Harold,Jones,2268 E 43Rd St,,Cleveland,OH,44103,OH,03/10/1985,M,07/04/2024,08/01/2024,Silver 8 100,01/01/2099,Active,0,392.62,08/31/2024,0,,OH-0003597483,OH-0003597483,1,2168018889,08/01/2024,08/01/2024,
17187369,Blake,Odom,Deshawn,Lee,1886 Mannering Rd,,Cleveland,OH,44112,OH,06/15/1992,M,12/08/2023,08/01/2024,Silver 8 100,01/01/2099,Active,0,368.04,08/31/2024,0,,OH-0002278765,OH-0002278765,1,2167731227,01/01/2024,08/01/2024,
17187369,Blake,Odom,Jersey,Mateo,14109 Carrydale Ave,,Cleveland,OH,44111,OH,02/10/2023,F,07/04/2024,08/01/2024,Silver 1 100,01/01/2099,Active,0,812.4,08/31/2024,0,,OH-0003811010,OH-0004068216,3,2164215545,08/01/2024,08/01/2024,
17187369,Blake,Odom,Andres,Merced Beauchamp,13 Long Glen Ct,,Columbia,SC,29229,SC,08/28/2000,M,07/07/2024,08/01/2024,Silver 1 100,01/01/2099,Active,0,410.82,08/31/2024,0,,SC-0003807297,SC-0003807297,1,7873854297,08/01/2024,08/01/2024,
17187369,Blake,Odom,Kashoana,Moore,3816 Arnold Ct,,Cleveland,OH,44109,OH,08/17/1999,F,07/05/2024,08/01/2024,Silver 8 100,01/01/2099,Active,0,311.11,08/31/2024,0,,OH-0003791331,OH-0003791331,1,2164181560,08/01/2024,08/01/2024,
17187369,Blake,Odom,Yeimely,Pina,3194 W52Nd Street,,Cleveland,OH,44102,OH,04/07/1987,F,07/04/2024,08/01/2024,Silver 8 100,01/01/2099,Active,0,385.15,08/31/2024,0,,OH-0004699039,OH-0004699039,1,2167321899,08/01/2024,08/01/2024,
17187369,Blake,Odom,Rapheth,Rollerson,1185 Desoto Ave,,Ypsilanti,MI,48198,MI,08/06/1981,M,07/02/2024,08/01/2024,Silver 8 100,01/01/2099,Active,0,348.06,08/31/2024,0,,MI-0004721588,MI-0004721588,1,7343663353,08/01/2024,08/01/2024,
17187369,Blake,Odom,Jayce,Smith,14109 Carrydale Ave,,Cleveland,OH,44111,OH,06/20/2021,M,07/04/2024,08/01/2024,Silver 1 100,01/01/2099,Active,0,812.4,08/31/2024,0,,OH-0003885655,OH-0004068216,3,2164215545,08/01/2024,08/01/2024,
17187369,Blake,Odom,Destiny,Smith,14109 Carrydale Ave,,Cleveland,OH,44111,OH,06/09/2000,F,07/04/2024,08/01/2024,Silver 1 100,01/01/2099,Active,0,812.4,08/31/2024,0,,OH-0004068216,OH-0004068216,3,2164215545,08/01/2024,08/01/2024,
17187369,Blake,Odom,Basue,Tshialu,3875 W 20Th St,Upstairs,Cleveland,OH,44109,OH,12/31/1979,F,07/04/2024,08/01/2024,Silver 8 150,01/01/2099,Active,0,1340.88,08/31/2024,0,,OH-0003532122,OH-0003532122,4,4402191682,08/01/2024,08/01/2024,
17187369,Blake,Odom,Vidal,Wider,977 Farnsworth Dr,,Hopkins,SC,29061,SC,09/12/1972,M,07/04/2024,08/01/2024,Silver 12 100,01/01/2099,Active,0,746.26,08/31/2024,0,,SC-0003682559,SC-0003682559,1,8032698426,08/01/2024,08/01/2024,
17187369,Blake,Odom,Gwendolyn,Wolfe,540 W High St,,Hastings,MI,49058,MI,07/26/1962,F,07/04/2024,08/01/2024,Silver 12 100 with First 4 Primary Care Visits Free,01/01/2099,Active,0,941.13,08/31/2024,0,,MI-0004329865,MI-0004329865,1,2698042735,08/01/2024,08/01/2024,
17187369,Blake,Odom,Todd,Alexander,1647 Sylvan Ave Se,,Grand Rapids,MI,49506,MI,02/09/1981,M,06/23/2024,07/01/2024,Silver 12 100 with First 4 Primary Care Visits Free,01/01/2099,Active,0,398.14,08/31/2024,0,,MI-0003874424,MI-0003874424,1,6163494351,07/01/2024,07/01/2024,
17187369,Blake,Odom,Yolanda,Andujar,1542 E 45Th St,,Cleveland,OH,44103,OH,04/10/1982,F,05/31/2024,07/01/2024,Silver 8 100,07/31/2024,Active,0,412.22,08/31/2024,0,,OH-0004573872,OH-0004573872,2,2162786337,06/01/2024,07/01/2024,07/31/2024
17187369,Blake,Odom,Kelly,Armstrong,17 Lafayette Ave Se Apt 4,,Grand Rapids,MI,49503,MI,12/08/1965,M,06/23/2024,07/01/2024,Silver 8 100,01/01/2099,Active,0,748.41,08/31/2024,0,,MI-0004604133,MI-0004604133,1,6162926322,07/01/2024,07/01/2024,
17187369,Blake,Odom,Cazzie,Avery,125 Allen Dr,Apt 2,Ann Arbor,MI,48103,MI,01/28/1986,M,07/01/2024,07/01/2024,Silver 8 100,01/01/2099,Active,0,327.31,08/31/2024,0,,MI-0003935147,MI-0003935147,1,4044513567,07/01/2024,07/01/2024,
17187369,Blake,Odom,Ashlee,Baker,24 Nueville St Sw,,Grand Rapids,MI,49548,MI,07/16/1989,F,06/24/2024,07/01/2024,Silver 8 100,01/01/2099,Active,0,356.58,08/31/2024,0,,MI-0004064208,MI-0004064208,1,6162652674,07/01/2024,07/01/2024,
17187369,Blake,Odom,Blaine,Beemon,954 Washtenaw St Ne,,Grand Rapids,MI,49505,MI,11/01/1991,M,06/23/2024,07/01/2024,Silver 8 100,01/01/2099,Active,0,347.47,08/31/2024,0,,MI-0004713452,MI-0004713452,1,6162909690,07/01/2024,07/01/2024,
17187369,Blake,Odom,Jesus,Bezares,3661 W 47Th St,,Cleveland,OH,44102,OH,10/13/2001,M,06/22/2024,07/01/2024,Silver 8 100,01/01/2099,Active,0,311.11,08/31/2024,0,,OH-0003860330,OH-0003860330,1,2164469114,07/01/2024,07/01/2024,
17187369,Blake,Odom,Dandree,Black,1404 Prospect Ave Se,,Grand Rapids,MI,49507,MI,09/22/1966,M,06/23/2024,07/01/2024,Silver 8 100,01/01/2099,Active,0,715.8,08/31/2024,0,,MI-0003713206,MI-0003713206,1,6164583478,07/01/2024,07/01/2024,
17187369,Blake,Odom,Jordan,Blount,5883 W Grove Dr Se,,Grand Rapids,MI,49512,MI,11/04/2002,F,06/20/2024,07/01/2024,Silver 8 150,01/01/2099,Active,0,293.72,08/31/2024,0,,MI-0004519516,MI-0004519516,1,6165588498,07/01/2024,07/01/2024,
17187369,Blake,Odom,Aaron,Bond,630 Oak St,Lot 158,Mansfield,OH,44907,OH,04/18/1994,M,06/21/2024,07/01/2024,Silver 8 100,01/01/2099,Active,0,457.84,08/31/2024,0,,OH-0004189619,OH-0004189619,1,4199619029,07/01/2024,07/01/2024,
17187369,Blake,Odom,Lesley,Brown,1528 Harvest Ln,,Ypsilanti,MI,48198,MI,05/08/1977,M,06/23/2024,07/01/2024,Silver 8 100,01/01/2099,Active,0,410.58,08/31/2024,0,,MI-0003341023,MI-0003341023,1,7347991210,07/01/2024,07/01/2024,
17187369,Blake,Odom,Kendall,Bullock,750 College Ave Se,,Grand Rapids,MI,49503,MI,03/22/1974,M,06/23/2024,07/01/2024,Silver 8 100,01/01/2099,Active,0,524.59,08/31/2024,0,,MI-0004650719,MI-0004650719,1,7734184842,07/01/2024,07/01/2024,
17187369,Blake,Odom,Nathan,Byington,4701 W Channel Dr,,Stanton,MI,48888,MI,03/13/1980,M,06/22/2024,07/01/2024,Silver 8 100,01/01/2099,Active,0,410.33,08/31/2024,0,,MI-0002665846,MI-0002665846,1,6162369728,07/01/2024,07/01/2024,
17187369,Blake,Odom,Eric,Calabro,2272 Northwind Dr,,Twin Lake,MI,49457,MI,04/16/1969,M,06/22/2024,07/01/2024,Silver 8 100,01/01/2099,Active,0,655,08/31/2024,0,,MI-0004105025,MI-0004105025,1,6162927363,07/01/2024,07/01/2024,
17187369,Blake,Odom,John,Carter,2269 Countrywood Dr Se,,Grand Rapids,MI,49508,MI,04/04/1967,M,06/25/2024,07/01/2024,Silver 8 100,01/01/2099,Active,0,715.8,08/31/2024,0,,MI-0004774217,MI-0004774217,1,6164771430,07/01/2024,07/01/2024,
17187369,Blake,Odom,Regena,Cheek,1111 S Harris Rd,Apt 107,Ypsilanti,MI,48198,MI,12/17/1970,F,06/21/2024,07/01/2024,Silver 8 100,01/01/2099,Active,0,535.88,08/31/2024,0,,MI-0004138724,MI-0004138724,1,7343691949,07/01/2024,07/01/2024,
17187369,Blake,Odom,Christopher,Cicchelli,245 Sunset Rd,,Ann Arbor,MI,48103,MI,03/27/1985,M,06/29/2024,07/01/2024,Silver 8 100,01/01/2099,Active,0,331.51,08/31/2024,0,,MI-0003962888,MI-0003962888,1,7346783748,07/01/2024,07/01/2024,
17187369,Blake,Odom,Melanie,Cloutier,1708 W Cross St,Apt 4,Ypsilanti,MI,48197,MI,11/14/1981,F,06/29/2024,07/01/2024,Silver 8 100,01/01/2099,Active,0,348.06,08/31/2024,0,,MI-0004585341,MI-0004585341,1,7343734243,07/01/2024,07/01/2024,
17187369,Blake,Odom,Kenneth,Coleman,766 7Th St Nw,,Grand Rapids,MI,49504,MI,12/27/1991,M,06/23/2024,07/01/2024,Silver 8 100,01/01/2099,Active,0,347.47,08/31/2024,0,,MI-0002912733,MI-0002912733,1,9892524986,07/01/2024,07/01/2024,
17187369,Blake,Odom,David,Crane,2075 Ashland Rd,Lot 19,Mansfield,OH,44905,OH,02/28/1992,M,07/01/2024,07/01/2024,Silver 8 100,01/01/2099,Active,0,477.2,08/31/2024,0,,OH-0003692846,OH-0003692846,1,4192954381,07/01/2024,07/01/2024,
17187369,Blake,Odom,Brandon,Creger,908 Courtney St Nw,,Grand Rapids,MI,49504,MI,09/25/1984,M,06/23/2024,07/01/2024,Silver 8 100,01/01/2099,Active,0,370.68,08/31/2024,0,,MI-0004167598,MI-0004167598,1,6162909058,07/01/2024,07/01/2024,
17187369,Blake,Odom,Shaquita,Curry,1038 Madison Ave Se,Apt 2,Grand Rapids,MI,49507,MI,04/01/1990,M,07/01/2024,07/01/2024,Silver 12 100 with First 4 Primary Care Visits Free,01/01/2099,Active,0,356.19,08/31/2024,0,,MI-0004609989,MI-0004609989,1,6164261585,07/01/2024,07/01/2024,
17187369,Blake,Odom,Yahiron,De Jesus,2022 W 89Th St,,Cleveland,OH,44102,OH,08/17/2006,M,06/25/2024,07/01/2024,Silver 8 100,01/01/2099,Active,0,680.4,08/31/2024,0,,OH-0004109164,OH-0003893541,2,2167278623,07/01/2024,07/01/2024,
17187369,Blake,Odom,Christa,Decosey,1841 Collins Ave Se,,Grand Rapids,MI,49507,MI,06/19/1985,F,06/23/2024,07/01/2024,Silver 8 100,01/01/2099,Active,0,370.68,08/31/2024,0,,MI-0004635277,MI-0004635277,1,6159452402,07/01/2024,07/01/2024,
17187369,Blake,Odom,Clarisse,Djukom,2731 International Dr,Apt 1728B,Ypsilanti,MI,48197,MI,07/20/1970,F,06/28/2024,07/01/2024,Silver 8 100,01/01/2099,Active,0,535.88,08/31/2024,0,,MI-0002977590,MI-0002977590,1,9896150054,07/01/2024,07/01/2024,
17187369,Blake,Odom,John,Dotts,309 Division Ave S,Apt 106,Grand Rapids,MI,49503,MI,03/29/1973,M,06/22/2024,07/01/2024,Silver 8 100,01/01/2099,Active,0,547.79,08/31/2024,0,,MI-0004402382,MI-0004402382,1,6167375758,07/01/2024,07/01/2024,
17187369,Blake,Odom,Anissa,Drummer,2661 Adrienne Dr,,Ann Arbor,MI,48103,MI,06/29/1972,F,07/01/2024,07/01/2024,Silver 8 100,01/01/2099,Active,0,512.76,08/31/2024,0,,MI-0004571063,MI-0004571063,1,7345900328,07/01/2024,07/01/2024,
17187369,Blake,Odom,Darryl,Earles,72 Sheldon Ave Se,Apt 313,Grand Rapids,MI,49503,MI,08/19/1965,M,06/22/2024,07/01/2024,Silver 8 100,01/01/2099,Active,0,748.41,08/31/2024,0,,MI-0004341065,MI-0004341065,1,6162629588,07/01/2024,07/01/2024,
17187369,Blake,Odom,Chukwuemerie,Emenike,115 Kismet St,,Columbia,SC,29210,SC,06/04/1998,M,06/11/2024,07/01/2024,Silver 1 100,01/01/2099,Active,0,420.68,08/31/2024,0,,SC-0003151344,SC-0003151344,1,8034976360,07/01/2024,07/01/2024,
17187369,Blake,Odom,Kelvin,Evans,849 Green Rd,Apt 104,Ypsilanti,MI,48198,MI,08/23/1988,M,06/18/2024,07/01/2024,Silver 8 100,01/01/2099,Active,0,321,08/31/2024,0,,MI-0003276982,MI-0003276982,1,2694473940,07/01/2024,07/01/2024,
17187369,Blake,Odom,Tiffany,Fisher,31 Leonard Ln,,Pontiac,MI,48342,MI,02/24/1992,F,06/13/2024,07/01/2024,Silver 8 100,01/01/2099,Active,27.64,332.64,06/30/2024,0,07/31/2024,MI-0003413369,MI-0003413369,1,2488126916,07/01/2024,07/01/2024,
17187369,Blake,Odom,Amberliz,Flores,4239 Fulton Pkwy,Apt 138,Cleveland,OH,44144,OH,11/01/2016,F,06/25/2024,07/01/2024,Silver 8 100,01/01/2099,Active,0,556.58,08/31/2024,0,,OH-0004269207,OH-0004727441,2,2167320945,07/01/2024,07/01/2024,
17187369,Blake,Odom,Mark,Gamage,508 N Hamilton St,,Ypsilanti,MI,48197,MI,09/10/1960,M,06/23/2024,07/01/2024,Silver 8 100,01/01/2099,Active,0,775.45,08/31/2024,0,,MI-0001082092,MI-0001082092,1,7346800205,07/01/2024,07/01/2024,
17187369,Blake,Odom,Katrina,Gillespie,624 Villa Dr,,Ypsilanti,MI,48198,MI,09/04/1968,F,06/29/2024,07/01/2024,Silver 8 100,01/01/2099,Active,0,585.79,08/31/2024,0,,MI-0004582832,MI-0004582832,1,7347575616,07/01/2024,07/01/2024,
17187369,Blake,Odom,Shane,Goben,2619 W Muskrat Rd,,Sheridan,MI,48884,MI,07/07/1996,M,06/22/2024,07/01/2024,Silver 8 100,01/01/2099,Active,0,307.82,08/31/2024,0,,MI-0004670373,MI-0004670373,1,2699990904,07/01/2024,07/01/2024,
17187369,Blake,Odom,Martin,Graham,14452 Tuttle Hill Rd,,Willis,MI,48191,MI,09/09/1979,M,06/30/2024,07/01/2024,Silver 8 100,01/01/2099,Active,0,366.97,08/31/2024,0,,MI-0002983944,MI-0002983944,1,7344446238,07/01/2024,07/01/2024,
17187369,Blake,Odom,Joseph,Greenfield,132 Chapel Dr,,Jackson,MS,39209,MS,03/03/1980,M,06/05/2024,07/01/2024,Silver 1 100,01/01/2099,Active,0.35,541.35,08/31/2024,0,,MS-0003406044,MS-0003406044,1,6015003838,07/01/2024,07/01/2024,
17187369,Blake,Odom,Warren,Griffin,1666 Conway Ave,,Ypsilanti,MI,48198,MI,09/24/1964,M,06/24/2024,07/01/2024,Silver 8 100,01/01/2099,Active,0,683.77,08/31/2024,0,,MI-0004148153,MI-0004148153,1,7347784607,07/01/2024,07/01/2024,
17187369,Blake,Odom,Kenneth,Griggs,2163 Wildfield Dr Ne,,Grand Rapids,MI,49505,MI,09/26/1961,M,06/24/2024,07/01/2024,Silver 8 100,01/01/2099,Active,0,843.87,08/31/2024,0,,MI-0004092442,MI-0004092442,1,6162454906,07/01/2024,07/01/2024,
17187369,Blake,Odom,Tywaun,Griggs,2568 Eagles Cir,Unit 4,Ypsilanti,MI,48197,MI,02/01/1988,M,06/22/2024,07/01/2024,Silver 8 100,01/01/2099,Active,0,323.1,08/31/2024,0,,MI-0002905043,MI-0002905043,1,7342990729,07/01/2024,07/01/2024,
17187369,Blake,Odom,Lavon,Hair,24 Nueville St Sw,,Grand Rapids,MI,49548,MI,09/02/1986,M,06/22/2024,07/01/2024,Silver 8 100,01/01/2099,Active,0,363.63,08/31/2024,0,,MI-0004499820,MI-0004499820,1,6163158312,07/01/2024,07/01/2024,
17187369,Blake,Odom,Tiana,Hardy,8550 Anchor Bay,,Ypsilanti,MI,48197,MI,03/08/1997,F,06/05/2024,07/01/2024,Silver 8 100,01/01/2099,Active,0,275.29,08/31/2024,0,,MI-0004420535,MI-0004420535,1,3137840228,07/01/2024,07/01/2024,
17187369,Blake,Odom,James,Harmon,123 Cherry Ct,,Ypsilanti,MI,48198,MI,02/19/1970,M,06/22/2024,07/01/2024,Silver 8 100,01/01/2099,Active,0,560.83,08/31/2024,0,,MI-0004302267,MI-0004302267,1,7348978984,07/01/2024,07/01/2024,
17187369,Blake,Odom,Marcellus,Hassen,642 Ivy Ln Sw,,Wyoming,MI,49509,MI,09/18/1966,M,06/23/2024,07/01/2024,Silver 8 100,01/01/2099,Active,0,715.8,08/31/2024,0,,MI-0004389595,MI-0004389595,1,3136890532,07/01/2024,07/01/2024,
17187369,Blake,Odom,Elijah,Hendrickson,516 Saint John,Apt B80,Ypsilanti,MI,48197,MI,04/26/1993,M,06/24/2024,07/01/2024,Silver 8 100,01/01/2099,Active,0,304.45,08/31/2024,0,,MI-0003787825,MI-0003787825,1,7344059566,07/01/2024,07/01/2024,
17187369,Blake,Odom,Marcus,Holland,13549 S Wisner Ave,,Grant,MI,49327,MI,07/24/1996,M,06/24/2024,07/01/2024,Silver 8 100,01/01/2099,Active,0,307.82,08/31/2024,0,,MI-0004061402,MI-0004061402,1,6164260072,07/01/2024,07/01/2024,
17187369,Blake,Odom,Clifford,Hoyes,1164 Evelyn St Ne,,Grand Rapids,MI,49505,MI,04/29/1982,M,06/23/2024,07/01/2024,Silver 8 100,01/01/2099,Active,0,389.18,08/31/2024,0,,MI-0004159991,MI-0004159991,1,6162480943,07/01/2024,07/01/2024,
17187369,Blake,Odom,Mary,Hurtack,4141 W 49Th St,,Cleveland,OH,44144,OH,09/26/1965,F,06/24/2024,07/01/2024,Silver 8 100,01/01/2099,Active,0,792.71,08/31/2024,0,,OH-0004033312,OH-0004033312,1,2166661609,07/01/2024,07/01/2024,
17187369,Blake,Odom,Sylvester,Jobe,123 4 H Club Rd,,Canton,MS,39046,MS,10/24/1987,M,06/10/2024,07/01/2024,Silver 1 100,01/01/2099,Active,0,476.64,08/31/2024,0,,MS-0002528894,MS-0002528894,1,6016624565,07/01/2024,07/01/2024,
17187369,Blake,Odom,Christopher,Jordan,410 Locust St,,Ypsilanti,MI,48198,MI,10/31/1980,M,06/27/2024,07/01/2024,Silver 8 100,01/01/2099,Active,0,356.46,08/31/2024,0,,MI-0004407420,MI-0004407420,1,7344821209,07/01/2024,07/01/2024,
17187369,Blake,Odom,Deangelo,Jordan,936 Watkins St Se,,Grand Rapids,MI,49507,MI,03/20/1964,M,06/23/2024,07/01/2024,Silver 8 100,01/01/2099,Active,0,797.17,08/31/2024,0,,MI-0004107658,MI-0004107658,1,6168054555,07/01/2024,07/01/2024,
17187369,Blake,Odom,Bruce,Kennebrew,225 Commerce Ave Sw,,Grand Rapids,MI,49503,MI,06/13/1963,M,06/22/2024,07/01/2024,Silver 8 100,01/01/2099,Active,0,825.36,08/31/2024,0,,MI-0004300966,MI-0004300966,1,6162976137,07/01/2024,07/01/2024,
17187369,Blake,Odom,Brandon,King,7400 Hunt Club Rd,Apt 307,Columbia,SC,29223,SC,06/01/1992,M,06/11/2024,07/01/2024,Silver 12 100,01/01/2099,Active,0,473.37,08/31/2024,0,,SC-0002578458,SC-0002578458,1,8133238532,07/01/2024,07/01/2024,
17187369,Blake,Odom,Oliva,Layher,2724 Packard St,A,Ann Arbor,MI,48108,MI,03/08/1981,F,06/22/2024,07/01/2024,Silver 8 100,01/01/2099,Active,0,356.46,08/31/2024,0,,MI-0004632806,MI-0004632806,1,7344443268,07/01/2024,07/01/2024,
17187369,Blake,Odom,Bruce,Lewis,240 Ionia Ave Sw,,Grand Rapids,MI,49503,MI,09/11/1990,M,06/24/2024,07/01/2024,Silver 8 100,01/01/2099,Active,0,351.88,08/31/2024,0,,MI-0004183553,MI-0004183553,1,2192862237,07/01/2024,07/01/2024,
17187369,Blake,Odom,Guy,Liptrot,1910 Darwin Ave Sw,,Grand Rapids,MI,49507,MI,10/26/1962,M,06/22/2024,07/01/2024,Silver 8 100,01/01/2099,Active,0,825.36,08/31/2024,0,,MI-0004787184,MI-0004787184,1,6163281587,07/01/2024,07/01/2024,
17187369,Blake,Odom,Keily,Lopez,4245 Ridgeview Rd,,Cleveland,OH,44144,OH,03/11/2003,F,06/23/2024,07/01/2024,Silver 8 150,01/01/2099,Active,0,311.11,08/31/2024,0,,OH-0003393823,OH-0003393823,1,2165012323,07/01/2024,07/01/2024,
17187369,Blake,Odom,Yamilette,Malave,2103 W 101St St,,Cleveland,OH,44102,OH,01/16/1999,F,06/09/2024,07/01/2024,Silver 8 100,01/01/2099,Active,0,312.35,08/31/2024,0,,OH-0003753742,OH-0003753742,1,2169046070,07/01/2024,07/01/2024,
17187369,Blake,Odom,Janelle,Manigault,1839 Evergreen Ln,,Ypsilanti,MI,48198,MI,02/16/1983,F,07/01/2024,07/01/2024,Silver 8 100,01/01/2099,Active,0,342.02,08/31/2024,0,,MI-0004469622,MI-0004469622,1,7344745631,07/01/2024,07/01/2024,
17187369,Blake,Odom,Tony,Mcdonald,2453 Grace Blvd,Apt B,Findlay,OH,45840,OH,08/30/1987,M,06/04/2024,07/01/2024,Silver 8 100,01/01/2099,Active,0,438.12,08/31/2024,0,,OH-0003556445,OH-0003556445,1,4196728964,07/01/2024,07/01/2024,
17187369,Blake,Odom,Reico,Mcguire,847 Green Rd,Apt 307,Ypsilanti,MI,48198,MI,01/28/1985,M,07/01/2024,07/01/2024,Silver 8 100,01/01/2099,Active,0,331.51,08/31/2024,0,,MI-0004338638,MI-0004338638,1,3136297473,07/01/2024,07/01/2024,
17187369,Blake,Odom,Tony,Mills,817 Woolsey Dr Sw,,Grand Rapids,MI,49503,MI,07/24/1962,M,01/14/2024,07/01/2024,Silver 8 100,01/01/2099,Active,0,825.36,08/31/2024,0,,MI-0004409923,MI-0004409923,1,6162925385,02/01/2024,07/01/2024,
17187369,Blake,Odom,Zachary,Morris,1206 Whiting St Sw,,Wyoming,MI,49509,MI,09/18/1984,M,06/22/2024,07/01/2024,Silver 8 100,01/01/2099,Active,0,370.68,08/31/2024,0,,MI-0004805121,MI-0004805121,1,6162928840,07/01/2024,07/01/2024,
17187369,Blake,Odom,Takiyah,Morrison,1251 Lexington Pkwy,,Ypsilanti,MI,48198,MI,10/04/1982,F,06/30/2024,07/01/2024,Silver 8 100,01/01/2099,Active,0,342.02,08/31/2024,0,,MI-0004260897,MI-0004260897,1,7344004881,07/01/2024,07/01/2024,
17187369,Blake,Odom,Yachira,Olivo,4385 W 50Th St Uppr,,Cleveland,OH,44144,OH,04/24/1987,F,06/23/2024,07/01/2024,Silver 8 100,01/01/2099,Active,0,385.15,08/31/2024,0,,OH-0004582789,OH-0004582789,1,3219485836,07/01/2024,07/01/2024,
17187369,Blake,Odom,Carlos,Osegueda,2014 3 Mile Rd Ne,,Grand Rapids,MI,49505,MI,07/08/1970,M,06/24/2024,07/01/2024,Silver 8 100,01/01/2099,Active,0,599.2,08/31/2024,0,,MI-0004322949,MI-0004322949,1,6163784509,07/01/2024,07/01/2024,
17187369,Blake,Odom,Aedion,Patino,1125 Park St Sw,,Grand Rapids,MI,49504,MI,08/26/1994,M,06/22/2024,07/01/2024,Silver 8 100,01/01/2099,Active,0,328.68,08/31/2024,0,,MI-0003969152,MI-0003969152,1,6162998040,07/01/2024,07/01/2024,
17187369,Blake,Odom,Naim,Patterson Evans,1659 Allegheny Cir,,Cleveland,OH,44112,OH,01/07/2000,M,06/25/2024,07/01/2024,Silver 8 100,01/01/2099,Active,0,311.11,08/31/2024,0,,OH-0004704021,OH-0004704021,1,2163047573,07/01/2024,07/01/2024,
17187369,Blake,Odom,Kelton,Patton,723 Mildred St,,Ypsilanti,MI,48198,MI,07/22/1994,M,06/30/2024,07/01/2024,Silver 8 100,01/01/2099,Active,0,293.95,08/31/2024,0,,MI-0004653135,MI-0004653135,1,3136030502,07/01/2024,07/01/2024,
17187369,Blake,Odom,Terry,Pendleton Jr.,13715 Terrace Rd,Apt E1,Cleveland,OH,44112,OH,07/10/1991,M,06/25/2024,07/01/2024,Silver 8 100,01/01/2099,Active,0,368.04,08/31/2024,0,,OH-0003743612,OH-0003743612,1,2164572812,07/01/2024,07/01/2024,
17187369,Blake,Odom,Justin,Porter,1232 Warren St,,Jackson,MS,39213,MS,07/25/1994,M,06/12/2024,07/01/2024,Silver 1 100,01/01/2099,Active,0,433.62,08/31/2024,0,,MS-0002523973,MS-0002523973,1,6014546789,07/01/2024,07/01/2024,
17187369,Blake,Odom,Tameka,Puckett,6801 Sutherland Ct,,Mentor,OH,44060,OH,09/26/1992,F,06/25/2024,07/01/2024,Silver 8 100,01/01/2099,Active,0,360.58,08/31/2024,0,,OH-0004345742,OH-0004345742,1,6152031202,07/01/2024,07/01/2024,
17187369,Blake,Odom,Charles,Roberson,1325 Rue Willette Blvd,,Ypsilanti,MI,48198,MI,09/13/1997,M,06/21/2024,07/01/2024,Silver 8 100,01/01/2099,Active,0,268.99,08/31/2024,0,,MI-0004095158,MI-0004095158,1,7342721518,07/01/2024,07/01/2024,
17187369,Blake,Odom,Javiaun,Robinson,2734 Regina St Sw,,Wyoming,MI,49519,MI,05/04/1993,M,06/23/2024,07/01/2024,Silver 8 100,01/01/2099,Active,0,340.43,08/31/2024,0,,MI-0003043303,MI-0003043303,1,6166002992,07/01/2024,07/01/2024,
17187369,Blake,Odom,Yachira,Ruiz,2022 W 89Th St,,Cleveland,OH,44102,OH,10/28/1982,F,06/25/2024,07/01/2024,Silver 8 100,01/01/2099,Active,0,680.4,08/31/2024,0,,OH-0003893541,OH-0003893541,2,2167278623,07/01/2024,07/01/2024,
17187369,Blake,Odom,Kelsy,Santiago Reyes,4239 Fulton Pkwy,Apt 138,Cleveland,OH,44144,OH,12/30/1997,F,06/25/2024,07/01/2024,Silver 8 100,01/01/2099,Active,0,556.58,08/31/2024,0,,OH-0004727441,OH-0004727441,2,2167320945,07/01/2024,07/01/2024,
17187369,Blake,Odom,Robert,Sheppard,333 Brown St Se,,Grand Rapids,MI,49507,MI,02/02/1972,M,06/22/2024,07/01/2024,Silver 8 100,01/01/2099,Active,0,573.35,08/31/2024,0,,MI-0003658684,MI-0003658684,1,6164419283,07/01/2024,07/01/2024,
17187369,Blake,Odom,Curtus,Small,3315 Rypens Dr Nw,,Grand Rapids,MI,49534,MI,09/17/1993,M,06/25/2024,07/01/2024,Silver 8 100,01/01/2099,Active,0,333.38,08/31/2024,0,,MI-0004311951,MI-0004311951,1,6162084532,07/01/2024,07/01/2024,
17187369,Blake,Odom,Charles,Smit,1760 Morningside Dr Se,,Grand Rapids,MI,49506,MI,06/20/1963,M,06/23/2024,07/01/2024,Silver 12 100 with First 4 Primary Care Visits Free,01/01/2099,Active,0,824.45,08/31/2024,0,,MI-0002995188,MI-0002995188,1,6162915349,07/01/2024,07/01/2024,
17187369,Blake,Odom,Shaniqua,Strickland,1346 Plainfield Ave Ne,Apt 2,Grand Rapids,MI,49505,MI,08/14/1991,F,06/24/2024,07/01/2024,Silver 8 100,01/01/2099,Active,0,347.47,08/31/2024,0,,MI-0003328928,MI-0003328928,1,6163181147,07/01/2024,07/01/2024,
17187369,Blake,Odom,Cody,Tatro,341 Corinne St Sw,,Grand Rapids,MI,49507,MI,04/07/2004,M,06/24/2024,07/01/2024,Silver 12 100 with First 4 Primary Care Visits Free,01/01/2099,Active,0,284.6,08/31/2024,0,,MI-0004865528,MI-0004865528,1,6163374150,07/01/2024,07/01/2024,
17187369,Blake,Odom,Marcus,Vanburen,2508 Sanford St,,Muskegon,MI,49444,MI,04/13/1995,M,06/22/2024,07/01/2024,Silver 8 100,01/01/2099,Active,0,328.68,08/31/2024,0,,MI-0004702891,MI-0004702891,1,7132522167,07/01/2024,07/01/2024,
17187369,Blake,Odom,Timothy,Vanderstelt,6258 Main St,,Twin Lake,MI,49457,MI,03/27/1994,M,06/14/2024,07/01/2024,Silver 8 100,01/01/2099,Active,0,333.38,08/31/2024,0,,MI-0004153418,MI-0004153418,1,2316830261,07/01/2024,07/01/2024,
17187369,Blake,Odom,Alan,Waldron,2925 N Grow Rd,,Stanton,MI,48888,MI,02/11/1968,M,06/22/2024,07/01/2024,Silver 8 100,01/01/2099,Active,0,685.26,08/31/2024,0,,MI-0004698054,MI-0004698054,1,6163894460,07/01/2024,07/01/2024,
17187369,Blake,Odom,Roger,Walker,412 Poplar St,,Howard City,MI,49329,MI,08/17/1976,M,06/22/2024,07/01/2024,Silver 8 100,01/01/2099,Active,0,459.09,08/31/2024,0,,MI-0004291138,MI-0004291138,1,2314142093,07/01/2024,07/01/2024,
17187369,Blake,Odom,Arion,Walker,3036 Woodland Hills Dr,Apt 7,Ann Arbor,MI,48108,MI,03/19/2000,M,06/17/2024,07/01/2024,Silver 8 100,01/01/2099,Active,0,262.69,08/31/2024,0,,MI-0004215063,MI-0004215063,1,7346864601,07/01/2024,07/01/2024,
17187369,Blake,Odom,Precious,Wallace,5723 Wildflower Dr,,Jackson,MS,39209,MS,09/25/1994,F,06/07/2024,07/01/2024,Silver 1 100,01/01/2099,Active,0,433.62,08/31/2024,0,,MS-0003222199,MS-0003222199,1,6013454578,07/01/2024,07/01/2024,
17187369,Blake,Odom,Makayla,Ward,630 Oak St,Lot 168,Mansfield,OH,44907,OH,01/03/2000,F,06/30/2024,07/01/2024,Silver 8 100,01/01/2099,Active,0,403.38,08/31/2024,0,,OH-0004308356,OH-0004308356,1,5672843348,07/01/2024,07/01/2024,
17187369,Blake,Odom,Kelly,Watkins,2754 Peachcrest St,,Ypsilanti,MI,48198,MI,09/27/1984,F,07/01/2024,07/01/2024,Silver 8 100,01/01/2099,Active,0,331.51,08/31/2024,0,,MI-0004541370,MI-0004541370,1,2486676865,07/01/2024,07/01/2024,
17187369,Blake,Odom,Cameron,Willemsen,2466 De Hoop Ave Sw,,Wyoming,MI,49509,MI,10/08/1991,M,06/23/2024,07/01/2024,Silver 8 100,01/01/2099,Active,0,347.47,08/31/2024,0,,MI-0004856702,MI-0004856702,1,6165899288,07/01/2024,07/01/2024,
17187369,Blake,Odom,Germaine,Wilson,815 George Pl,Apt 1,Ypsilanti,MI,48198,MI,03/04/1982,M,06/21/2024,07/01/2024,Silver 8 100,01/01/2099,Active,0,348.06,08/31/2024,0,,MI-0004041492,MI-0004041492,1,7345967645,07/01/2024,07/01/2024,
17187369,Blake,Odom,Jacey,Zemla,4009 Bucyrus Ave,,Cleveland,OH,44109,OH,06/19/1993,F,06/25/2024,07/01/2024,Silver 8 100,01/01/2099,Active,0,360.58,08/31/2024,0,,OH-0003898650,OH-0003898650,1,2168822334,07/01/2024,07/01/2024,
17187369,Blake,Odom,Laura,Ableson,330 Chidester St,Apt 407,Ypsilanti,MI,48197,MI,09/01/1961,F,05/16/2024,06/01/2024,Silver 8 100,01/01/2099,Active,0,754.7,08/31/2024,0,,MI-0002751175,MI-0002751175,1,7347997214,06/01/2024,06/01/2024,
17187369,Blake,Odom,Temikaorede,Adams,9264 Macarthur Blvd,,Ypsilanti,MI,48198,MI,07/18/1989,F,05/17/2024,06/01/2024,Silver 8 100,01/01/2099,Active,0,318.9,08/31/2024,0,,MI-0004520835,MI-0004520835,1,4404945731,06/01/2024,06/01/2024,
17187369,Blake,Odom,Keyuan,Barber,782 Harriet St,,Ypsilanti,MI,48197,MI,02/12/1996,M,05/10/2024,06/01/2024,Silver 8 100,01/01/2099,Active,0,285.54,08/31/2024,0,,MI-0003948773,MI-0003948773,1,3133486273,06/01/2024,06/01/2024,
17187369,Blake,Odom,Justin,Biddles,6008 Colony Park Dr,,Ypsilanti,MI,48197,MI,03/24/1993,M,05/17/2024,06/01/2024,Silver 8 100,01/01/2099,Active,0,304.45,08/31/2024,0,,MI-0004247751,MI-0004247751,1,7342181076,06/01/2024,06/01/2024,
17187369,Blake,Odom,Lamarr,Bradford,12021 Forest Ave,,Cleveland,OH,44120,OH,08/18/1990,M,05/25/2024,06/01/2024,Silver 8 100,01/01/2099,Active,0,372.71,08/31/2024,0,,OH-0004223715,OH-0004223715,1,2166591828,06/01/2024,06/01/2024,
17187369,Blake,Odom,Mercadez,Brewer,790 Allen Rd,,Ypsilanti,MI,48198,MI,06/17/1995,F,05/26/2024,06/01/2024,Silver 8 100,01/01/2099,Active,0,285.54,08/31/2024,0,,MI-0004628657,MI-0004628657,1,7342912644,06/01/2024,06/01/2024,
17187369,Blake,Odom,Clinton,Brown,19802 Gardenview Dr,,Maple Heights,OH,44137,OH,02/17/1972,M,05/23/2024,06/01/2024,Silver 8 100,01/01/2099,Active,0,607.29,08/31/2024,0,,OH-0004042013,OH-0004042013,1,2166888448,06/01/2024,06/01/2024,
17187369,Blake,Odom,Marquise,Brown,9726 Sherwood,,Ypsilanti,MI,48198,MI,07/08/1995,M,05/17/2024,06/01/2024,Silver 8 100,01/01/2099,Active,0,285.54,08/31/2024,0,,MI-0003512665,MI-0003512665,1,3136899944,06/01/2024,06/01/2024,
17187369,Blake,Odom,Deontray,Brown,1139 Mcdonald Ave,,Canton,MS,39046,MS,07/25/1986,M,05/11/2024,06/01/2024,Silver 1 100,01/01/2099,Active,0,479.74,08/31/2024,0,,MS-0003451697,MS-0003451697,1,7692846613,06/01/2024,06/01/2024,
17187369,Blake,Odom,Kevin,Buchanan,1656 Wells Rd,,Orange Park,FL,32073,FL,02/27/1989,M,05/31/2024,06/01/2024,Silver 1 100 with Adult Vision Services,01/01/2099,Active,4.03,446.24,06/30/2024,8.06,,FL-0020941812,FL-0020941812,1,9049823571,06/01/2024,06/01/2024,
17187369,Blake,Odom,Lawrence,Buckner Jr,680 Fox Ave,,Ypsilanti,MI,48198,MI,03/20/1980,M,05/17/2024,06/01/2024,Silver 8 100,01/01/2099,Active,0,366.97,08/31/2024,0,,MI-0004003666,MI-0004003666,1,7344444122,06/01/2024,06/01/2024,
17187369,Blake,Odom,Chaundrea,Byrd,4825 Woodland Ave,,Cleveland,OH,44104,OH,08/14/1999,F,05/25/2024,06/01/2024,Silver 8 100,01/01/2099,Active,0,311.11,08/31/2024,0,,OH-0004273929,OH-0004273929,1,2165077860,06/01/2024,06/01/2024,
17187369,Blake,Odom,Robert,Carl,8439 Lakeview Ct,,Ypsilanti,MI,48198,MI,04/06/1963,M,05/20/2024,06/01/2024,Silver 8 100,01/01/2099,Active,0,738.15,08/31/2024,0,,MI-0004600955,MI-0004600955,1,3135316145,06/01/2024,06/01/2024,
17187369,Blake,Odom,Raymond,Carter,20501 Hillgrove Ave,,Maple Heights,OH,44137,OH,03/05/1987,M,05/23/2024,06/01/2024,Silver 8 100,01/01/2099,Active,0,385.15,08/31/2024,0,,OH-0004310575,OH-0004310575,1,2163034505,06/01/2024,06/01/2024,
17187369,Blake,Odom,Terrence,Carter,8104 Vista Ave,,Cleveland,OH,44125,OH,11/23/2002,M,05/21/2024,06/01/2024,Silver 8 100,01/01/2099,Active,0,311.11,08/31/2024,0,,OH-0004687230,OH-0004687230,1,2165513315,06/01/2024,06/01/2024,
17187369,Blake,Odom,Demetrius,Cartwright,6033 Bear Creek Dr,Apt 231,Bedford,OH,44146,OH,07/03/1997,M,05/23/2024,06/01/2024,Silver 8 100,01/01/2099,Active,0,318.58,08/31/2024,0,,OH-0004297108,OH-0004297108,1,2164771345,06/01/2024,06/01/2024,
17187369,Blake,Odom,Gerald,Cassanova Iii,6008 Colony Park Dr,,Ypsilanti,MI,48197,MI,12/16/1983,M,05/17/2024,06/01/2024,Silver 8 100,01/01/2099,Active,0,335.71,08/31/2024,0,,MI-0002986991,MI-0002986991,1,7342181076,06/01/2024,06/01/2024,
17187369,Blake,Odom,Kevin,Chambers,1423 Stamford Rd,,Ypsilanti,MI,48198,MI,12/27/1986,M,05/22/2024,06/01/2024,Silver 8 100,01/01/2099,Active,0,325.21,08/31/2024,0,,MI-0004702859,MI-0004702859,1,7345831394,06/01/2024,06/01/2024,
17187369,Blake,Odom,Dwayne,Clark,121 Columbia Ave,,Jackson,MS,39209,MS,12/07/1996,M,05/03/2024,06/01/2024,Bronze 8,06/30/2024,Terminated,0,381.03,06/30/2024,0,,MS-0002906124,MS-0002906124,1,8135269052,06/01/2024,06/01/2024,06/30/2024
17187369,Blake,Odom,Thelbert,Claybron,1075 Lori St,,Ypsilanti,MI,48198,MI,10/14/1977,M,12/27/2023,06/01/2024,Silver 8 100,01/01/2099,Active,0,394.03,08/31/2024,0,,MI-0003972314,MI-0003972314,1,2482782313,01/01/2024,06/01/2024,
17187369,Blake,Odom,Jessica,Cole,881 Madison St,,Ypsilanti,MI,48197,MI,05/25/1986,F,05/20/2024,06/01/2024,Silver 8 100,01/01/2099,Active,0,327.31,08/31/2024,0,,MI-0004398329,MI-0004398329,1,7346233540,06/01/2024,06/01/2024,
17187369,Blake,Odom,Terril,Cotton,2724 Packard St,Apt A,Ann Arbor,MI,48108,MI,03/09/1983,M,05/17/2024,06/01/2024,Silver 8 100,01/01/2099,Active,0,342.02,08/31/2024,0,,MI-0003942495,MI-0003942495,1,7346862328,06/01/2024,06/01/2024,
17187369,Blake,Odom,Dominique,Craig,2063 Woodale Ave,,Ypsilanti,MI,48198,MI,11/07/1986,F,05/19/2024,06/01/2024,Silver 8 100,01/01/2099,Active,0,325.21,08/31/2024,0,,MI-0004043859,MI-0004043859,1,7344101600,06/01/2024,06/01/2024,
17187369,Blake,Odom,Jayvon,Cummings,3356 E 118Th St,Apt 2,Cleveland,OH,44120,OH,01/21/2002,M,05/25/2024,06/01/2024,Silver 8 100,01/01/2099,Active,0,311.11,08/31/2024,0,,OH-0004046922,OH-0004046922,1,2168047580,06/01/2024,06/01/2024,
17187369,Blake,Odom,Nanette,Cunegin,9032 Macarthur Blvd,,Ypsilanti,MI,48198,MI,02/14/1964,F,05/17/2024,06/01/2024,Silver 8 100,06/30/2024,Terminated,0,712.93,06/18/2024,0,,MI-0004485798,MI-0004485798,1,3134121174,06/01/2024,06/01/2024,06/30/2024
17187369,Blake,Odom,Earl,Cunegin,9032 Macarthur Blvd,,Ypsilanti,MI,48198,MI,04/26/1979,M,05/17/2024,06/01/2024,Silver 8 100,01/01/2099,Active,0,379.32,08/31/2024,0,,MI-0004001006,MI-0004001006,1,3136753365,06/01/2024,06/01/2024,
17187369,Blake,Odom,Nicole,Dauphine,711 N Congress St,,Ypsilanti,MI,48197,MI,05/05/1968,F,05/20/2024,06/01/2024,Silver 8 100,01/01/2099,Active,0,612.85,08/31/2024,0,,MI-0003154065,MI-0003154065,1,7342921883,06/01/2024,06/01/2024,
17187369,Blake,Odom,Kelsey,Davis,4448 E 131St St,,Garfield Heights,OH,44105,OH,12/24/1997,M,05/25/2024,06/01/2024,Silver 8 100,01/01/2099,Active,0,318.58,08/31/2024,0,,OH-0004701477,OH-0004701477,1,2165264316,06/01/2024,06/01/2024,
17187369,Blake,Odom,Abrionna,Davis,1201 Lexington Pkwy,,Ypsilanti,MI,48198,MI,04/22/1998,F,05/17/2024,06/01/2024,Silver 8 100,01/01/2099,Active,0,268.99,08/31/2024,0,,MI-0004517003,MI-0004517003,1,7347331346,06/01/2024,06/01/2024,
17187369,Blake,Odom,Andrea,Degraffinried,5005 Bosuns Way,Apt A4,Ypsilanti,MI,48197,MI,12/29/1986,F,05/17/2024,06/01/2024,Silver 8 100,01/01/2099,Active,0,325.21,08/31/2024,0,,MI-0003936238,MI-0003936238,1,7342179939,06/01/2024,06/01/2024,
17187369,Blake,Odom,Katalina,Dickson,673 Oswego Ave,,Ypsilanti,MI,48198,MI,03/26/2003,M,05/20/2024,06/01/2024,Silver 8 100,01/01/2099,Active,0,262.69,08/31/2024,0,,MI-0003247319,MI-0003247319,1,7342093451,06/01/2024,06/01/2024,
17187369,Blake,Odom,Chrishana,Dixon,3540 Sunset Dr,Apt F6-1,Jackson,MS,39213,MS,03/11/2002,F,05/23/2024,06/01/2024,Silver 1 100,01/01/2099,Active,0,387.51,08/31/2024,0,,MS-0003092426,MS-0003092426,1,6019780759,06/01/2024,06/01/2024,
17187369,Blake,Odom,Carmen,Donell,9302 Macarthur Blvd,,Ypsilanti,MI,48198,MI,02/03/1978,F,05/19/2024,06/01/2024,Silver 8 100,01/01/2099,Active,0,394.03,08/31/2024,0,,MI-0003540819,MI-0003540819,1,7348331645,06/01/2024,06/01/2024,
17187369,Blake,Odom,Joseph,Easter,14599 State Route 139,,Minford,OH,45653,OH,07/19/1993,M,05/15/2024,06/01/2024,Silver 8 100,01/01/2099,Active,0,405.77,08/31/2024,0,,OH-0003555065,OH-0003555065,1,7409618284,06/01/2024,06/01/2024,
17187369,Blake,Odom,Richard,English,5900 Bridge Rd,Apt 208,Ypsilanti,MI,48197,MI,08/03/1973,M,05/25/2024,06/01/2024,Silver 8 100,01/01/2099,Active,0,469.16,08/31/2024,0,,MI-0003210426,MI-0003210426,1,7343832639,06/01/2024,06/01/2024,
17187369,Blake,Odom,Maya,Fleckenstein,819 Lakeview Rd,,Cleveland,OH,44108,OH,11/06/1997,F,05/25/2024,06/01/2024,Silver 8 100,01/01/2099,Active,0,318.58,08/31/2024,0,,OH-0004374715,OH-0004374715,1,2164145716,06/01/2024,06/01/2024,
17187369,Blake,Odom,James,Foster,3491 Creek Dr,,Ann Arbor,MI,48108,MI,07/26/1993,M,05/29/2024,06/01/2024,Silver 8 100,01/01/2099,Active,0,298.15,08/31/2024,0,,MI-0003991314,MI-0003991314,1,3135897544,06/01/2024,06/01/2024,
17187369,Blake,Odom,Nigel,Foxworth,10901 Notre Dame Ave,,Cleveland,OH,44104,OH,05/14/2003,M,05/27/2024,06/01/2024,Silver 8 100,01/01/2099,Active,0,311.11,08/31/2024,0,,OH-0003884579,OH-0003884579,1,8037167499,06/01/2024,06/01/2024,
17187369,Blake,Odom,Samuel,Freeman,579 N Harris Rd Apt 2,,Ypsilanti,MI,48198,MI,08/08/1986,M,05/17/2024,06/01/2024,Silver 8 100,01/01/2099,Active,0,325.21,08/31/2024,0,,MI-0004808880,MI-0004808880,1,7342186483,06/01/2024,06/01/2024,
17187369,Blake,Odom,Janice,Fultz,2611 International Dr,Apt 1305B,Ypsilanti,MI,48197,MI,08/10/1977,F,05/17/2024,06/01/2024,Silver 8 100,01/01/2099,Active,0,394.03,08/31/2024,0,,MI-0003941030,MI-0003941030,1,7343408153,06/01/2024,06/01/2024,
17187369,Blake,Odom,Kaleb,Gladden,1116 Mccluer Rd,,Jackson,MS,39212,MS,12/26/1983,M,05/07/2024,06/01/2024,Bronze 8,06/30/2024,Terminated,0,464.66,06/20/2024,0,,MS-0002677652,MS-0002677652,1,7695385373,06/01/2024,06/01/2024,06/30/2024
17187369,Blake,Odom,Tricia,Goins,1429 Blossom Ave,,Ypsilanti,MI,48198,MI,10/23/1971,F,05/24/2024,06/01/2024,Silver 8 100,06/30/2024,Terminated,0,512.76,07/02/2024,0,,MI-0003399557,MI-0003399557,1,7344600196,06/01/2024,06/01/2024,06/30/2024
17187369,Blake,Odom,Nicole,Graves,9076 Charlotte Ct,,Ypsilanti,MI,48197,MI,04/20/1977,F,05/17/2024,06/01/2024,Silver 8 100,01/01/2099,Active,0,410.58,08/31/2024,0,,MI-0004269772,MI-0004269772,1,7345726309,06/01/2024,06/01/2024,
17187369,Blake,Odom,Kelvin,Green,3226 Grove Rd,Unit B,Ypsilanti,MI,48198,MI,05/07/1982,M,05/17/2024,06/01/2024,Silver 8 100,01/01/2099,Active,0,348.06,08/31/2024,0,,MI-0004140998,MI-0004140998,1,3136830726,06/01/2024,06/01/2024,
17187369,Blake,Odom,Janie,Hall,1615 Nw 75Th St,,Miami,FL,33147,FL,05/01/1990,F,05/24/2024,06/01/2024,Bronze 4,01/01/2099,Active,0,440.76,08/31/2024,0,,FL-0004733906,FL-0004733906,1,7866427761,06/01/2024,06/01/2024,06/30/2024
17187369,Blake,Odom,Charles,Hampton,113 N Hamilton St,Apt 1,Ypsilanti,MI,48197,MI,04/16/1974,M,05/25/2024,06/01/2024,Silver 8 100,01/01/2099,Active,0,469.16,08/31/2024,0,,MI-0002789293,MI-0002789293,1,7348290433,06/01/2024,06/01/2024,
17187369,Blake,Odom,Javonyiea,Harris,9056 Macarthur Blvd,,Ypsilanti,MI,48198,MI,09/27/2003,F,05/17/2024,06/01/2024,Silver 8 100,01/01/2099,Active,0,254.81,08/31/2024,0,,MI-0003158934,MI-0003158934,1,2486608491,06/01/2024,06/01/2024,
17187369,Blake,Odom,Nicholas,Hart,9215 Rosalind Ave,,Cleveland,OH,44106,OH,04/27/2020,M,05/25/2024,06/01/2024,Silver 8 100,01/01/2099,Active,0,556.58,08/31/2024,0,,OH-0003766716,OH-0004655572,2,2162197974,06/01/2024,06/01/2024,
17187369,Blake,Odom,Ronquel,Hepner,17731 Chagrin Blvd,,Shaker Heights,OH,44122,OH,06/08/1999,M,05/23/2024,06/01/2024,Silver 8 100,01/01/2099,Active,0,311.11,08/31/2024,0,,OH-0004219837,OH-0004219837,1,2162786347,06/01/2024,06/01/2024,
17187369,Blake,Odom,Uriah,Hill,8131 Garfield Blvd,,Cleveland,OH,44125,OH,07/27/2004,M,05/25/2024,06/01/2024,Silver 8 100,01/01/2099,Active,0,292.75,08/31/2024,0,,OH-0004188125,OH-0004188125,1,2168685843,06/01/2024,06/01/2024,
17187369,Blake,Odom,Samantha,Hollander,8886 Macarthur Blvd,,Ypsilanti,MI,48198,MI,07/12/1979,F,05/17/2024,06/01/2024,Silver 8 100,06/30/2024,Terminated,0,366.97,06/27/2024,0,,MI-0003748883,MI-0003748883,1,3138587840,06/01/2024,06/01/2024,06/30/2024
17187369,Blake,Odom,Lorenzo,Holman,1726 Lynn Ct,,Ypsilanti,MI,48198,MI,05/12/1987,M,05/17/2024,06/01/2024,Silver 8 100,01/01/2099,Active,0,325.21,08/31/2024,0,,MI-0003881944,MI-0003881944,1,7348290362,06/01/2024,06/01/2024,
17187369,Blake,Odom,Justin,Holop,8625 Akins Rd,,North Royalton,OH,44133,OH,08/31/1991,M,05/09/2024,06/01/2024,Silver 8 100,01/01/2099,Active,0,368.04,08/31/2024,0,,OH-0003074123,OH-0003074123,1,9043209877,06/01/2024,06/01/2024,
17187369,Blake,Odom,James,Hopson,790 Allen Rd,,Ypsilanti,MI,48198,MI,11/20/1976,M,05/26/2024,06/01/2024,Silver 8 100,01/01/2099,Active,0,410.58,08/31/2024,0,,MI-0004534844,MI-0004534844,1,7342192454,06/01/2024,06/01/2024,
17187369,Blake,Odom,Diandre,Hubbard,8015 Central Ave,,Cleveland,OH,44104,OH,02/08/2004,F,05/21/2024,06/01/2024,Silver 8 100,01/01/2099,Active,0,301.78,08/31/2024,0,,OH-0003529497,OH-0003529497,1,2167733658,06/01/2024,06/01/2024,
17187369,Blake,Odom,Jessica,Hunter,8748 Macarthur Blvd,,Ypsilanti,MI,48198,MI,08/15/1988,F,05/17/2024,06/01/2024,Silver 8 100,01/01/2099,Active,0,321,08/31/2024,0,,MI-0004229235,MI-0004229235,1,3133949936,06/01/2024,06/01/2024,
17187369,Blake,Odom,Reginald,Hunter,8622 Macarthur Blvd,,Ypsilanti,MI,48198,MI,03/17/1993,M,05/17/2024,06/01/2024,Silver 8 100,01/01/2099,Active,0,304.45,08/31/2024,0,,MI-0004166375,MI-0004166375,1,7348966011,06/01/2024,06/01/2024,
17187369,Blake,Odom,Undra,Hunter Jr,8720 Macarthur Blvd,,Ypsilanti,MI,48198,MI,04/23/1993,M,05/17/2024,06/01/2024,Silver 8 100,01/01/2099,Active,0,304.45,08/31/2024,0,,MI-0004397114,MI-0004397114,1,7344445489,06/01/2024,06/01/2024,
17187369,Blake,Odom,Dynasty,Jackson,3361 W 84Th St,Unit D,Cleveland,OH,44102,OH,05/17/2000,F,05/24/2024,06/01/2024,Silver 8 100,01/01/2099,Active,0,311.11,08/31/2024,0,,OH-0004364852,OH-0004364852,1,2162968047,06/01/2024,06/01/2024,
17187369,Blake,Odom,Elijah,Jeffry,5131 Joseph St,,Maple Heights,OH,44137,OH,10/05/2004,M,05/23/2024,06/01/2024,Silver 8 100,01/01/2099,Active,0,292.75,08/31/2024,0,,OH-0004210463,OH-0004210463,1,2163859746,06/01/2024,06/01/2024,
17187369,Blake,Odom,Christopher,Johnson,1389 Newsome Dr,,Bolton,MS,39041,MS,08/17/2000,M,05/13/2024,06/01/2024,Silver 1 100,06/30/2024,Terminated,0,387.51,06/30/2024,0,,MS-0003342947,MS-0003342947,1,6626704575,06/01/2024,06/01/2024,06/30/2024
17187369,Blake,Odom,Marcus,Johnson,12317 Crennell Ave,,Cleveland,OH,44105,OH,10/28/1993,M,05/25/2024,06/01/2024,Silver 8 100,01/01/2099,Active,0,353.11,08/31/2024,0,,OH-0004342429,OH-0004342429,1,2173818343,06/01/2024,06/01/2024,
17187369,Blake,Odom,Robert,Johnson,9032 Macarthur Blvd,,Ypsilanti,MI,48198,MI,12/30/1978,M,05/17/2024,06/01/2024,Silver 8 100,06/30/2024,Terminated,0,379.32,06/18/2024,0,,MI-0004057269,MI-0004057269,1,7348290414,06/01/2024,06/01/2024,06/30/2024
17187369,Blake,Odom,Reginald,Jolly,2863 Martin Luther King Jr Dr,,Cleveland,OH,44104,OH,02/13/1971,M,05/23/2024,06/01/2024,Silver 8 100,01/01/2099,Active,0,634.66,08/31/2024,0,,OH-0003573758,OH-0003573758,1,2164637767,06/01/2024,06/01/2024,
17187369,Blake,Odom,Willie,Lanier,8723 Heather Dr,,Ypsilanti,MI,48198,MI,11/18/1993,M,04/22/2023,06/01/2024,Silver 8 100,01/01/2099,Active,0,298.15,08/31/2024,0,,MI-0004288701,MI-0004288701,1,7343836591,05/01/2023,06/01/2024,
17187369,Blake,Odom,Kathy,Leath,1775 Heatherridge St,,Ypsilanti,MI,48198,MI,05/16/1988,F,05/17/2024,06/01/2024,Silver 8 100,01/01/2099,Active,0,323.1,08/31/2024,0,,MI-0004320705,MI-0004320705,1,7347785497,06/01/2024,06/01/2024,
17187369,Blake,Odom,Alayna,Lee,458 Ozona Rd,,Picayune,MS,39466,MS,12/13/2004,F,05/24/2024,06/01/2024,Bronze 8,01/01/2099,Active,0,234.59,08/31/2024,0,,MS-0002668516,MS-0002668516,1,6012159787,06/01/2024,06/01/2024,
17187369,Blake,Odom,Anthony,Long,27380 Sidney Dr,Apt 150,Euclid,OH,44132,OH,06/15/1976,M,05/23/2024,06/01/2024,Silver 8 100,01/01/2099,Active,0,486.27,08/31/2024,0,,OH-0003903209,OH-0003903209,1,2165597380,06/01/2024,07/01/2024,
17187369,Blake,Odom,Yvonne,Lundy,1750 N Huron River Dr,,Ypsilanti,MI,48197,MI,03/04/1963,F,05/19/2024,06/01/2024,Silver 8 100,01/01/2099,Active,0,738.15,08/31/2024,0,,MI-0004473021,MI-0004473021,1,7342865409,06/01/2024,06/01/2024,
17187369,Blake,Odom,Linda,Malone,8922 Macarthur Blvd,,Ypsilanti,MI,48198,MI,07/21/1991,F,05/20/2024,06/01/2024,Silver 8 100,01/01/2099,Active,0,310.76,08/31/2024,0,,MI-0004040055,MI-0004040055,1,3138564172,06/01/2024,06/01/2024,
17187369,Blake,Odom,Timothy,Marks,8922 Macarthur Blvd,,Ypsilanti,MI,48198,MI,01/05/1984,M,05/17/2024,06/01/2024,Silver 8 100,01/01/2099,Active,0,335.71,08/31/2024,0,,MI-0003048563,MI-0003048563,1,3137585148,06/01/2024,06/01/2024,
17187369,Blake,Odom,Tevin,Martin,1420B Friendly Woods Rd,,Blythewood,SC,29016,SC,11/16/1992,M,05/03/2024,06/01/2024,Silver 12 100,01/01/2099,Active,0,463.76,08/31/2024,0,,SC-0004162735,SC-0004162735,1,7046708030,06/01/2024,06/01/2024,
17187369,Blake,Odom,Zigashane,Matabura,3337 E 126Th St,,Cleveland,OH,44120,OH,02/10/1995,M,05/25/2024,06/01/2024,Silver 8 100,01/01/2099,Active,0,348.13,08/31/2024,0,,OH-0004166049,OH-0004166049,1,6306446883,06/01/2024,06/01/2024,
17187369,Blake,Odom,Bruce,Matthews,664 Quilliams Rd,,Cleveland,OH,44121,OH,06/11/1999,M,05/22/2024,06/01/2024,Silver 8 100,01/01/2099,Active,0,311.11,08/31/2024,0,,OH-0003658166,OH-0003658166,1,2167990327,06/01/2024,06/01/2024,
17187369,Blake,Odom,Deondrick,Mclilly,8846 Macarthur Blvd,,Ypsilanti,MI,48198,MI,03/07/1998,M,05/24/2024,06/01/2024,Silver 8 100,01/01/2099,Active,0,268.99,08/31/2024,0,,MI-0004471712,MI-0004471712,1,7345769247,06/01/2024,06/01/2024,
17187369,Blake,Odom,Rachel,Mcpherson,1004 Madison St,,Ypsilanti,MI,48197,MI,04/01/1992,F,05/17/2024,06/01/2024,Silver 8 100,01/01/2099,Active,0,310.76,08/31/2024,0,,MI-0004609942,MI-0004609942,1,7344698042,06/01/2024,06/01/2024,
17187369,Blake,Odom,Paris,Mitchell,8844 Macarthur Blvd,,Ypsilanti,MI,48198,MI,12/20/1991,F,05/20/2024,06/01/2024,Silver 8 100,01/01/2099,Active,0,310.76,08/31/2024,0,,MI-0004294801,MI-0004294801,1,2489294684,06/01/2024,06/01/2024,
17187369,Blake,Odom,Louis,Mitchell,1324 Desoto Ave,,Ypsilanti,MI,48198,MI,10/18/1965,M,05/17/2024,06/01/2024,Silver 8 100,01/01/2099,Active,0,669.32,08/31/2024,0,,MI-0004573570,MI-0004573570,1,7342862871,06/01/2024,06/01/2024,
17187369,Blake,Odom,Jasmine,Moore,4004 E 52Nd St,Unit Down,Newburgh Heights,OH,44105,OH,01/13/2001,F,05/24/2024,06/01/2024,Silver 8 100,01/01/2099,Active,0,311.11,08/31/2024,0,,OH-0004404843,OH-0004404843,1,2167169567,06/01/2024,06/01/2024,
17187369,Blake,Odom,Dwayne,Morris,446 E 124Th St,,Cleveland,OH,44108,OH,01/09/1990,M,05/21/2024,06/01/2024,Silver 8 100,01/01/2099,Active,0,377.69,08/31/2024,0,,OH-0004708999,OH-0004708999,1,2164843572,06/01/2024,06/01/2024,
17187369,Blake,Odom,Tamia,Motin,9215 Rosalind Ave,,Cleveland,OH,44106,OH,12/02/1997,F,05/25/2024,06/01/2024,Silver 8 100,01/01/2099,Active,0,556.58,08/31/2024,0,,OH-0004655572,OH-0004655572,2,2162197974,06/01/2024,06/01/2024,
17187369,Blake,Odom,Jaquanaja,Murphy,3706 Gammill St,,Jackson,MS,39213,MS,05/02/2000,F,05/09/2024,06/01/2024,Bronze 8,01/01/2099,Active,0,363.58,08/31/2024,0,,MS-0002704395,MS-0002704395,1,6015385383,06/01/2024,06/01/2024,
17187369,Blake,Odom,Keaira,Nixon,6435 Abraham Lincoln Dr,,Jackson,MS,39213,MS,10/28/2002,F,05/23/2024,06/01/2024,Silver 1 100,01/01/2099,Active,0,387.51,08/31/2024,0,,MS-0002684318,MS-0002684318,1,7697980023,06/01/2024,06/01/2024,
17187369,Blake,Odom,Kevin,Nolan,3430 Albermarle Rd,Apt205,Jackson,MS,39213,MS,01/11/1995,M,02/27/2024,06/01/2024,Bronze 8,01/01/2099,Active,0,406.85,08/31/2024,0,,MS-0002371541,MS-0002371541,1,7698231839,03/01/2024,06/01/2024,
17187369,Blake,Odom,Jermaine,Norman,13218 Saybrook Ave,,Garfield Heights,OH,44105,OH,07/22/1999,M,05/22/2024,06/01/2024,Silver 8 100,01/01/2099,Active,0,311.11,08/31/2024,0,,OH-0004266543,OH-0004266543,1,3058739933,06/01/2024,06/01/2024,
17187369,Blake,Odom,Michelle,Olin,1010 Arbordale St,Apt 12,Ann Arbor,MI,48103,MI,01/16/1973,F,05/25/2024,06/01/2024,Silver 8 100,01/01/2099,Active,0,489.91,08/31/2024,0,,MI-0004126622,MI-0004126622,1,7346862599,06/01/2024,06/01/2024,
17187369,Blake,Odom,Catherine,Oliver,3430 Albermarle Rd Apt C301,,Jackson,MS,39213,MS,03/28/1964,F,06/01/2024,06/01/2024,Silver 1 100 with Adult Vision Services,01/01/2099,Active,9.26,1059.62,07/31/2024,0,,MS-0002555844,MS-0002555844,1,6017615414,06/01/2024,06/01/2024,
17187369,Blake,Odom,Jade,Ortiz,8846 Macarthur Blvd,,Ypsilanti,MI,48198,MI,03/21/2001,F,05/17/2024,06/01/2024,Silver 8 100,01/01/2099,Active,0,262.69,08/31/2024,0,,MI-0003823488,MI-0003823488,1,7348972286,06/01/2024,06/01/2024,
17187369,Blake,Odom,Jackie,Owens,2923 Roundtree Blvd,Apt B4,Ypsilanti,MI,48197,MI,09/30/1971,F,05/24/2024,06/01/2024,Silver 8 100,06/30/2024,Terminated,0,512.76,07/02/2024,0,,MI-0003977603,MI-0003977603,1,8105251180,06/01/2024,06/01/2024,06/30/2024
17187369,Blake,Odom,Melanie,Paige,14426 Superior Rd,,Cleveland Heights,OH,44118,OH,03/09/1975,F,05/21/2024,06/01/2024,Silver 8 100,01/01/2099,Active,0,530.75,08/31/2024,0,,OH-0003675395,OH-0003675395,1,4196098702,06/01/2024,06/01/2024,
17187369,Blake,Odom,Carlos,Perkins,237 E 210Th St,,Euclid,OH,44123,OH,08/13/1984,M,05/22/2024,06/01/2024,Silver 8 100,01/01/2099,Active,0,392.62,08/31/2024,0,,OH-0003773852,OH-0003773852,1,2167129488,06/01/2024,06/01/2024,
17187369,Blake,Odom,Koebe,Polack,1448 E 115Th St,,Cleveland,OH,44106,OH,03/10/2000,M,05/23/2024,06/01/2024,Silver 8 100,01/01/2099,Active,0,311.11,08/31/2024,0,,OH-0004202287,OH-0004202287,1,2165518082,06/01/2024,06/01/2024,
17187369,Blake,Odom,Paris,Pope,1304 Concord Dr,,Ypsilanti,MI,48198,MI,04/24/1998,F,05/17/2024,06/01/2024,Silver 8 100,01/01/2099,Active,0,268.99,08/31/2024,0,,MI-0004801564,MI-0004801564,1,5869141153,06/01/2024,06/01/2024,
17187369,Blake,Odom,Oscar,Pounds Iii,11222 Mountview Ave,,Cleveland,OH,44125,OH,11/05/1999,M,05/25/2024,06/01/2024,Silver 8 100,01/01/2099,Active,0,311.11,08/31/2024,0,,OH-0004401127,OH-0004401127,1,2167770808,06/01/2024,06/01/2024,
17187369,Blake,Odom,Tanya,Putman,89 Devonshire St,,Ypsilanti,MI,48198,MI,05/28/1978,F,05/16/2024,06/01/2024,Silver 8 100,01/01/2099,Active,0,394.03,08/31/2024,0,,MI-0004222877,MI-0004222877,1,7345769085,06/01/2024,06/01/2024,
17187369,Blake,Odom,Ajena,Rawls,8848 Macarthur Blvd,,Ypsilanti,MI,48198,MI,09/22/1993,F,05/17/2024,06/01/2024,Silver 8 100,06/30/2024,Terminated,0,298.15,06/30/2024,0,,MI-0004609944,MI-0004609944,1,7343343094,06/01/2024,06/01/2024,06/30/2024
17187369,Blake,Odom,Cameron,Reid,13500 Whittaker Rd,,Milan,MI,48160,MI,05/16/1999,M,05/20/2024,06/01/2024,Silver 8 100,01/01/2099,Active,0,263.74,08/31/2024,0,,MI-0004229241,MI-0004229241,1,3132570698,06/01/2024,06/01/2024,
17187369,Blake,Odom,Vaudry,Rendelman,3375 E Michigan Ave,Lot 72,Ypsilanti,MI,48198,MI,02/18/1989,M,05/20/2024,06/01/2024,Silver 8 100,01/01/2099,Active,0,321,08/31/2024,0,,MI-0004506890,MI-0004506890,1,7344602609,06/01/2024,06/01/2024,
17187369,Blake,Odom,Jose,Reyes,4407 Sunset Dr,,Jackson,MS,39213,MS,07/11/1980,M,05/23/2024,06/01/2024,Silver 1 100,06/30/2024,Terminated,0,525.85,06/20/2024,0,,MS-0003192662,MS-0003192662,1,6015835384,06/01/2024,06/01/2024,06/30/2024
17187369,Blake,Odom,Naomi,Roberts,1610 St Andrews Terrace Rd,,Columbia,SC,29210,SC,10/23/1965,F,05/15/2024,06/01/2024,Silver 1 100,01/01/2099,Active,0,1046.78,08/31/2024,0,,SC-0003907975,SC-0003907975,1,6013456789,06/01/2024,06/01/2024,
17187369,Blake,Odom,Joesiah,Robles,2564 Carpenter Rd,Apt 35,Ann Arbor,MI,48108,MI,09/08/2004,M,05/20/2024,06/01/2024,Silver 8 100,01/01/2099,Active,0,247.19,08/31/2024,0,,MI-0004623916,MI-0004623916,1,3138708654,06/01/2024,06/01/2024,
17187369,Blake,Odom,Gilberto,Rodriguez,2516 Montebello Dr,,Jackson,MS,39213,MS,09/23/2002,M,05/18/2024,06/01/2024,Silver 1 100,06/30/2024,Terminated,0,387.51,06/20/2024,0,,MS-0003086286,MS-0003086286,1,6015937384,06/01/2024,06/01/2024,06/30/2024
17187369,Blake,Odom,Chanda,Runnels,1608 Stoneman St,,Dallas,TX,75215,TX,05/08/1981,F,05/16/2024,06/01/2024,Gold 1,01/01/2099,Active,113.11,587.11,06/30/2024,113.11,,TX-0018204168,TX-0018204168,1,2147723849,06/01/2024,06/01/2024,
17187369,Blake,Odom,Alan,Sisson Jr,8259 Berkshire Dr,,Ypsilanti,MI,48198,MI,09/05/1984,M,05/21/2024,06/01/2024,Silver 8 100,01/01/2099,Active,0,331.51,08/31/2024,0,,MI-0004815836,MI-0004815836,1,7343095203,06/01/2024,06/01/2024,
17187369,Blake,Odom,Reid,Smith,3362 Belvoir Blvd,,Beachwood,OH,44122,OH,07/05/1998,F,05/23/2024,06/01/2024,Silver 8 100,01/01/2099,Active,0,312.35,08/31/2024,0,,OH-0003557445,OH-0003557445,1,4349646373,06/01/2024,06/01/2024,
17187369,Blake,Odom,Marchand,Smith,1431 Leforge Rd,Apt 106,Ypsilanti,MI,48198,MI,12/20/1980,M,05/17/2024,06/01/2024,Silver 8 100,01/01/2099,Active,0,356.46,08/31/2024,0,,MI-0004241568,MI-0004241568,1,3133144889,06/01/2024,06/01/2024,
17187369,Blake,Odom,Michael,Snyder,1433 Leforge Rd,Apt 107,Ypsilanti,MI,48198,MI,12/11/1963,M,05/16/2024,06/01/2024,Silver 8 100,01/01/2099,Active,0,712.93,08/31/2024,0,,MI-0003870532,MI-0003870532,1,7347996573,06/01/2024,06/01/2024,
17187369,Blake,Odom,Cerita,Stallworth,9510 Lorain Ave,Apt 18,Cleveland,OH,44102,OH,04/13/1975,F,05/31/2024,06/01/2024,Silver 8 100,01/01/2099,Active,0,530.75,08/31/2024,0,,OH-0004521811,OH-0004521811,1,4402129937,06/01/2024,06/01/2024,
17187369,Blake,Odom,Elizabeth,Steffes,3036 Trowbridge Ave,,Cleveland,OH,44109,OH,03/03/2005,F,05/23/2024,06/01/2024,Silver 8 100,01/01/2099,Active,0,292.75,08/31/2024,0,,OH-0003783683,OH-0003783683,1,2163459104,06/01/2024,06/01/2024,
17187369,Blake,Odom,Jennifer,Stevens,721 W Clark Rd,Apt 306,Ypsilanti,MI,48198,MI,12/07/1982,F,05/17/2024,06/01/2024,Silver 8 100,01/01/2099,Active,0,342.02,08/31/2024,0,,MI-0004190665,MI-0004190665,1,7343834956,06/01/2024,06/01/2024,
17187369,Blake,Odom,Ramiya,Stewart,20017 Stockton Ave,,Maple Heights,OH,44137,OH,08/23/2004,F,05/22/2024,06/01/2024,Silver 8 100,01/01/2099,Active,0,292.75,08/31/2024,0,,OH-0003996043,OH-0003996043,1,2163096610,06/01/2024,06/01/2024,
17187369,Blake,Odom,Monica,Swanson,9989 W Avondale Cir,,Ypsilanti,MI,48198,MI,02/04/1984,F,05/17/2024,06/01/2024,Silver 8 100,01/01/2099,Active,0,335.71,08/31/2024,0,,MI-0002711550,MI-0002711550,1,7343463123,06/01/2024,06/01/2024,
17187369,Blake,Odom,Joshua,Taylor,2730 Golfside Dr,Apt 315,Ann Arbor,MI,48108,MI,12/27/2000,M,05/17/2024,06/01/2024,Silver 8 100,01/01/2099,Active,0,262.69,08/31/2024,0,,MI-0004206151,MI-0004206151,1,7347678379,06/01/2024,06/01/2024,
17187369,Blake,Odom,James,Thompson,1536 Barrett Ave,,Jackson,MS,39204,MS,09/25/1982,M,05/04/2024,06/01/2024,Bronze 8,06/30/2024,Terminated,0,473.38,06/20/2024,0,,MS-0003123591,MS-0003123591,1,6015937585,06/01/2024,06/01/2024,06/30/2024
17187369,Blake,Odom,Brandon,Thornton,4620 Bradford Rd,,Cleveland,OH,44121,OH,01/26/2005,M,05/23/2024,06/01/2024,Silver 8 100,01/01/2099,Active,0,292.75,08/31/2024,0,,OH-0003729756,OH-0003729756,1,2163018004,06/01/2024,06/01/2024,
17187369,Blake,Odom,Crystal,Traywick,24640 Randolph Rd,,Bedford,OH,44146,OH,01/31/1994,F,05/23/2024,06/01/2024,Silver 8 100,01/01/2099,Active,0,353.11,08/31/2024,0,,OH-0004169704,OH-0004169704,1,2168491353,06/01/2024,06/01/2024,
17187369,Blake,Odom,Matthew,Valentine,4012 E 147Th St,,Cleveland,OH,44128,OH,09/08/2000,M,05/23/2024,06/01/2024,Silver 8 100,01/01/2099,Active,0,311.11,08/31/2024,0,,OH-0004097477,OH-0004097477,1,4403468331,06/01/2024,06/01/2024,
17187369,Blake,Odom,Linden,Vann,3641 Partridge Path,Apt 1,Ann Arbor,MI,48108,MI,12/09/1967,M,05/17/2024,06/01/2024,Silver 8 100,01/01/2099,Active,0,612.85,08/31/2024,0,,MI-0003827212,MI-0003827212,1,7343230893,06/01/2024,06/01/2024,
17187369,Blake,Odom,Kierra,Veal,1402 Wendell Ave,,Ypsilanti,MI,48198,MI,02/27/1999,F,05/25/2024,06/01/2024,Silver 8 100,01/01/2099,Active,0,263.74,08/31/2024,0,,MI-0002936783,MI-0002936783,1,7345899552,06/01/2024,06/01/2024,
17187369,Blake,Odom,Joshua,Waddy,6041 Dunham Rd,,Maple Heights,OH,44137,OH,03/06/1988,M,05/21/2024,06/01/2024,Silver 8 100,01/01/2099,Active,0,382.67,08/31/2024,0,,OH-0003532077,OH-0003532077,1,4405366674,06/01/2024,06/01/2024,
17187369,Blake,Odom,Debra,Walker,1373 E 185Th St,,Cleveland,OH,44110,OH,03/06/1978,F,05/25/2024,06/01/2024,Silver 8 100,01/01/2099,Active,0,466.67,08/31/2024,0,,OH-0004553366,OH-0004553366,1,2166941250,06/01/2024,06/01/2024,
17187369,Blake,Odom,Wesley,Walton,1407 Stamford Rd,,Ypsilanti,MI,48198,MI,02/09/1998,M,05/25/2024,06/01/2024,Silver 8 100,01/01/2099,Active,0,268.99,08/31/2024,0,,MI-0003935120,MI-0003935120,1,7344604695,06/01/2024,06/01/2024,
17187369,Blake,Odom,Brandon,Warnsley,8846 Macarthur Blvd,,Ypsilanti,MI,48198,MI,11/23/1988,M,05/20/2024,06/01/2024,Silver 8 100,01/01/2099,Active,0,321,08/31/2024,0,,MI-0003085406,MI-0003085406,1,7345760451,06/01/2024,06/01/2024,
17187369,Blake,Odom,Tyra,Weatherspoon,8978 Macarthur Blvd,,Ypsilanti,MI,48198,MI,05/01/1994,F,05/16/2024,06/01/2024,Silver 8 100,01/01/2099,Active,0,298.15,08/31/2024,0,,MI-0003767720,MI-0003767720,1,3137531263,06/01/2024,06/01/2024,
17187369,Blake,Odom,Zarek,Weston,425 Bedford Dr,,Ypsilanti,MI,48198,MI,10/29/1989,M,05/09/2024,06/01/2024,Silver 8 100,01/01/2099,Active,0,318.9,08/31/2024,0,,MI-0003721828,MI-0003721828,1,7345897055,06/01/2024,06/01/2024,
17187369,Blake,Odom,Samuel,White,516 Saint John,Apt B90,Ypsilanti,MI,48197,MI,10/14/1983,M,05/17/2024,06/01/2024,Silver 8 100,01/01/2099,Active,0,335.71,08/31/2024,0,,MI-0004265568,MI-0004265568,1,3132083072,06/01/2024,06/01/2024,
17187369,Blake,Odom,Aubrey,Wiggins,5391 Sunnyslope Rd,Apt 12,Maple Heights,OH,44137,OH,06/04/1982,M,05/21/2024,06/01/2024,Silver 8 100,01/01/2099,Active,0,405.07,08/31/2024,0,,OH-0002838493,OH-0002838493,1,2165985016,06/01/2024,06/01/2024,
17187369,Blake,Odom,Larry,Wilkins,612 East 118 St,,Cleveland,OH,44108,OH,12/12/1986,M,05/23/2024,06/01/2024,Silver 8 150,01/01/2099,Active,0,385.15,08/31/2024,0,,OH-0004282389,OH-0004282389,1,2168357866,06/01/2024,06/01/2024,
17187369,Blake,Odom,Dakayla,Williams,8926 Macarthur Blvd,,Ypsilanti,MI,48198,MI,12/11/2000,F,05/17/2024,06/01/2024,Silver 8 100,01/01/2099,Active,0,262.69,08/31/2024,0,,MI-0004264473,MI-0004264473,1,7348071916,06/01/2024,06/01/2024,
17187369,Blake,Odom,Deyza,Williams,13706 Chapelside Ave Uppr,,Cleveland,OH,44120,OH,03/17/1996,F,05/25/2024,06/01/2024,Silver 8 150,01/01/2099,Active,0,576.18,08/31/2024,0,,OH-0002441962,OH-0002441962,2,2167997646,06/01/2024,06/01/2024,
17187369,Blake,Odom,Aniyahh,Williams,13706 Chapelside Ave Uppr,,Cleveland,OH,44120,OH,11/29/2013,F,05/25/2024,06/01/2024,Silver 8 150,01/01/2099,Active,0,576.18,08/31/2024,0,,OH-0003867497,OH-0002441962,2,2167997646,06/01/2024,06/01/2024,
17187369,Blake,Odom,Rebecca,Williams,8584 Cargo Dr,,Ypsilanti,MI,48197,MI,10/25/1979,F,05/20/2024,06/01/2024,Silver 8 100,06/30/2024,Terminated,0,366.97,07/02/2024,0,,MI-0004184752,MI-0004184752,1,7347568476,06/01/2024,06/01/2024,06/30/2024
17187369,Blake,Odom,Cavell,Williams,11715 Hazeldell Dr,1,Cleveland,OH,44108,OH,11/25/1999,M,05/22/2024,06/01/2024,Silver 8 100,01/01/2099,Active,0,311.11,08/31/2024,0,,OH-0004513928,OH-0004513928,1,9374895944,06/01/2024,06/01/2024,
17187369,Blake,Odom,Kevon,Wilson,8712 Macarthur Blvd,,Ypsilanti,MI,48198,MI,02/19/2003,M,05/17/2024,06/01/2024,Silver 8 100,01/01/2099,Active,0,262.69,08/31/2024,0,,MI-0003379336,MI-0003379336,1,7346950912,06/01/2024,06/01/2024,
17187369,Blake,Odom,Brittiany,Wilson,1347 Concord Dr,,Ypsilanti,MI,48198,MI,12/04/1989,F,05/16/2024,06/01/2024,Silver 8 100,01/01/2099,Active,0,318.9,08/31/2024,0,,MI-0004749049,MI-0004749049,1,7349615753,06/01/2024,06/01/2024,
17187369,Blake,Odom,Curtis,Wilson,9726 Sherwood,,Ypsilanti,MI,48198,MI,03/06/1977,M,05/17/2024,06/01/2024,Silver 8 100,01/01/2099,Active,0,410.58,08/31/2024,0,,MI-0002918054,MI-0002918054,1,7348297354,06/01/2024,06/01/2024,
17187369,Blake,Odom,Laura,Worthy-Crawford,3860 W 37Th St,,Cleveland,OH,44109,OH,01/09/1984,F,05/26/2024,06/01/2024,Silver 8 100,01/01/2099,Active,0,397.6,08/31/2024,0,,OH-0004423163,OH-0004423163,1,4403185773,06/01/2024,06/01/2024,
17187369,Blake,Odom,Demario,Wright,2801 E 125Th St,,Cleveland,OH,44120,OH,02/28/1993,M,05/23/2024,06/01/2024,Silver 8 100,01/01/2099,Active,0,360.58,08/31/2024,0,,OH-0004466733,OH-0004466733,1,2163567727,06/01/2024,06/01/2024,
17187369,Blake,Odom,Cory,Wright,590 W Clark Rd,,Ypsilanti,MI,48198,MI,05/12/1981,M,05/17/2024,06/01/2024,Silver 8 100,01/01/2099,Active,0,356.46,08/31/2024,0,,MI-0004407367,MI-0004407367,1,7342191297,06/01/2024,06/01/2024,
17187369,Blake,Odom,Lakita,Barron,23158 Gay St,,Euclid,OH,44123,OH,05/23/1993,F,04/23/2024,05/01/2024,Silver 8 100,01/01/2099,Active,0,353.11,08/31/2024,0,,OH-0004041980,OH-0004041980,1,2164667006,05/01/2024,05/01/2024,
17187369,Blake,Odom,Carlos,Bell,1157 Cottrell Rd,,Terry,MS,39170,MS,12/25/1997,F,04/10/2024,05/01/2024,Silver 1 100,01/01/2099,Active,0,396.81,08/31/2024,0,,MS-0002744266,MS-0002744266,1,6019915524,05/01/2024,05/01/2024,
17187369,Blake,Odom,Chandra,Boyer,950 Holmes Rd,Apt 6,Ypsilanti,MI,48198,MI,10/10/1974,F,04/29/2024,05/01/2024,Silver 8 100,01/01/2099,Active,0,448.14,08/31/2024,0,,MI-0004072269,MI-0004072269,1,7349054346,05/01/2024,05/01/2024,
17187369,Blake,Odom,Marquise,Bridges,107 Thousand Oaks Cir,,Jackson,MS,39212,MS,09/02/1998,M,04/23/2024,05/01/2024,Bronze 8,01/01/2099,Active,0,365.04,08/31/2024,0,,MS-0002580966,MS-0002580966,1,8509028659,05/01/2024,05/01/2024,
17187369,Blake,Odom,Jacorey,Brown,1008 Palmer Ln,,Crystal Springs,MS,39059,MS,08/31/2001,M,04/13/2024,05/01/2024,Bronze 8,01/01/2099,Active,0,363.58,08/31/2024,0,,MS-0003082583,MS-0003082583,1,6014052219,05/01/2024,05/01/2024,
17187369,Blake,Odom,Sarah,Calhoun,621 Eugene St,,Ypsilanti,MI,48198,MI,07/13/1983,F,04/29/2024,05/01/2024,Silver 8 100,01/01/2099,Active,0,335.71,08/31/2024,0,,MI-0003515404,MI-0003515404,1,7348342774,05/01/2024,05/01/2024,
17187369,Blake,Odom,Patrick Ronald,Carson Jr,109 Bell Dr,,Canton,MS,39046,MS,08/05/2000,F,04/21/2024,05/01/2024,Silver 1 100,01/01/2099,Active,0,387.51,08/31/2024,0,,MS-0003066859,MS-0003066859,1,6017867235,05/01/2024,05/01/2024,
17187369,Blake,Odom,Brianna,Clausell,2831 Bynan Dr,Apt 206,Ypsilanti,MI,48197,MI,05/14/1994,F,04/29/2024,05/01/2024,Silver 8 100,01/01/2099,Active,0,293.95,08/31/2024,0,,MI-0003937202,MI-0003937202,1,7342090333,05/01/2024,05/01/2024,
17187369,Blake,Odom,Wilton,Coleman,3018 E 125Th St,,Cleveland,OH,44120,OH,03/19/1987,M,04/16/2024,05/01/2024,Silver 8 150,01/01/2099,Active,0,385.15,08/31/2024,0,,OH-0004329359,OH-0004329359,1,2166952832,05/01/2024,05/01/2024,
17187369,Blake,Odom,Sandra,Craig,8880 Macarthur Blvd,,Ypsilanti,MI,48198,MI,07/16/1973,F,04/29/2024,05/01/2024,Silver 8 100,05/31/2024,Terminated,0,469.16,05/23/2024,0,,MI-0004755715,MI-0004755715,1,7344443508,05/01/2024,05/01/2024,05/31/2024
17187369,Blake,Odom,Georgia,Dawson,17876 Lake Shore Blvd Apt 3,,Cleveland,OH,44119,OH,10/08/1992,F,04/23/2024,05/01/2024,Silver 1 150 with Adult Vision Services,01/01/2099,Active,26.03,375.03,07/31/2024,0,,OH-0004317041,OH-0004317041,1,2166404589,05/01/2024,05/01/2024,
17187369,Blake,Odom,Frank Kopanny,Diaz,3300 W 54Th St,,Cleveland,OH,44102,OH,01/14/1980,M,04/15/2024,05/01/2024,Silver 8 100,01/01/2099,Active,0,434.62,08/31/2024,0,,OH-0003704115,OH-0003704115,1,6789087209,05/01/2024,05/01/2024,
17187369,Blake,Odom,Nisan,Evans,8109 Woodland Ave,,Cleveland,OH,44104,OH,12/29/1999,M,04/12/2024,05/01/2024,Silver 8 100,01/01/2099,Active,0,311.11,08/31/2024,0,,OH-0003826969,OH-0003826969,1,7864245943,05/01/2024,06/01/2024,
17187369,Blake,Odom,Taelah,Foster,681 E 117Th St,,Cleveland,OH,44108,OH,09/01/2003,F,04/22/2024,05/01/2024,Silver 8 100,01/01/2099,Active,0,301.78,08/31/2024,0,,OH-0003642154,OH-0003642154,1,2168326838,05/01/2024,05/01/2024,
17187369,Blake,Odom,Dalecea,France,3401 Tate Ave,,Cleveland,OH,44109,OH,04/11/2000,F,04/23/2024,05/01/2024,Silver 8 100,01/01/2099,Active,0,311.11,08/31/2024,0,,OH-0003776036,OH-0003776036,1,2167320257,05/01/2024,05/01/2024,
17187369,Blake,Odom,Derrick,Francis,1051 Way Rd,,Canton,MS,39046,MS,09/24/1986,M,04/27/2024,05/01/2024,Silver 1 100,01/01/2099,Active,0,479.74,08/31/2024,0,,MS-0003501654,MS-0003501654,1,7693006925,05/01/2024,05/01/2024,
17187369,Blake,Odom,Raven,Francis,1103 Pinelane Rd,,Columbia,SC,29223,SC,06/20/2000,F,04/13/2024,05/01/2024,Silver 12 100,05/31/2024,Terminated,0,400.14,05/31/2024,0,,SC-0003849259,SC-0003849259,1,7703680432,05/01/2024,05/01/2024,05/31/2024
17187369,Blake,Odom,Lidia,Guerra-Diaz,8880 Macarthur Blvd,,Ypsilanti,MI,48198,MI,04/27/1998,F,04/29/2024,05/01/2024,Silver 8 100,05/31/2024,Terminated,0,268.99,05/23/2024,0,,MI-0004347048,MI-0004347048,1,8573121210,05/01/2024,05/01/2024,05/31/2024
17187369,Blake,Odom,Ashton,Hall,902 Eminence Row,,Jackson,MS,39213,MS,11/18/2001,F,04/28/2024,05/01/2024,Silver 1 100,01/01/2099,Active,0,387.51,08/31/2024,0,,MS-0002857424,MS-0002857424,1,6015662082,05/01/2024,05/01/2024,
17187369,Blake,Odom,Christopher,Hammond,901 Colleton St,15A,Columbia,SC,29203,SC,02/02/1985,M,04/11/2024,05/01/2024,Silver 1 100,01/01/2099,Active,0,518.46,08/31/2024,0,,SC-0004209205,SC-0004209205,1,8038468174,05/01/2024,06/01/2024,
17187369,Blake,Odom,Joseph,Helms,621 Eugene St,,Ypsilanti,MI,48198,MI,02/02/1985,M,04/29/2024,05/01/2024,Silver 8 100,01/01/2099,Active,0,331.51,08/31/2024,0,,MI-0004081094,MI-0004081094,1,7346951369,05/01/2024,05/01/2024,
17187369,Blake,Odom,Marissa,Jones,3025 E 130Th St,,Cleveland,OH,44120,OH,01/12/1988,F,12/23/2023,05/01/2024,Silver 8 100,01/01/2099,Active,0,380.18,08/31/2024,0,,OH-0002870128,OH-0002870128,1,2163700658,01/01/2024,05/01/2024,
17187369,Blake,Odom,Antonio,Magbrey,484 Hawkins St,,Ypsilanti,MI,48197,MI,11/29/1967,M,03/29/2024,05/01/2024,Silver 8 100,01/01/2099,Active,0,612.85,08/31/2024,0,,MI-0004195683,MI-0004195683,1,7342177886,04/01/2024,05/01/2024,
17187369,Blake,Odom,Yashika,Mcdonald,1903 Evergreen Ln,,Ypsilanti,MI,48198,MI,04/04/1989,F,04/30/2024,05/01/2024,Silver 8 100,01/01/2099,Active,0,321,08/31/2024,0,,MI-0004594460,MI-0004594460,1,7348456759,05/01/2024,05/01/2024,
17187369,Blake,Odom,Brady,Myers,628 W Capitol St,,Jackson,MS,39203,MS,03/27/1987,M,04/30/2024,05/01/2024,Silver 1 100,01/01/2099,Active,0,479.74,08/31/2024,0,,MS-0003036409,MS-0003036409,1,6013450678,05/01/2024,05/01/2024,
17187369,Blake,Odom,Stephen,Osaguona Jr,10 Habersham Way,,Blythewood,SC,29016,SC,09/23/2004,M,04/20/2024,05/01/2024,Silver 1 100,06/30/2024,Terminated,0,386.58,07/09/2024,0,,SC-0003805779,SC-0003805779,1,8437492667,05/01/2024,05/01/2024,06/30/2024
17187369,Blake,Odom,Aaron,Palazzola,210 N Summit St,Apt 1,Ypsilanti,MI,48197,MI,06/30/1985,M,04/17/2024,05/01/2024,Silver 8 100,01/01/2099,Active,0,327.31,08/31/2024,0,,MI-0004251437,MI-0004251437,1,5869352281,05/01/2024,05/01/2024,
17187369,Blake,Odom,Mercedes,Price,2435 E 61St St,,Cleveland,OH,44104,OH,04/02/2011,M,04/23/2024,05/01/2024,Silver 1 100,01/01/2099,Active,0,1121.63,08/31/2024,0,,OH-0004580689,OH-0004114491,6,2165564280,05/01/2024,05/01/2024,
17187369,Blake,Odom,Mercedes,Price-White,2435 E 61St St,,Cleveland,OH,44104,OH,04/10/1991,F,04/23/2024,05/01/2024,Silver 1 100,01/01/2099,Active,0,1121.63,08/31/2024,0,,OH-0004114491,OH-0004114491,6,2165564280,05/01/2024,05/01/2024,
17187369,Blake,Odom,Keymonee,Priester,191 Cohen St,,Allendale,SC,29810,SC,02/11/1999,M,04/27/2024,05/01/2024,Silver 1 100,01/01/2099,Active,0,374.88,08/31/2024,0,,SC-0003203979,SC-0003203979,1,8036862886,05/01/2024,05/01/2024,
17187369,Blake,Odom,Ronald,Smith,1400 W 26Th St,,Jacksonville,FL,32209,FL,11/07/1964,M,04/17/2024,05/01/2024,Bronze 4,05/31/2024,Terminated,0,868.23,05/31/2024,0,,FL-0021399890,FL-0021399890,1,9046342319,05/01/2024,05/01/2024,05/31/2024
17187369,Blake,Odom,Christopher,Thomas,715 S Haugh Ave,Apt H62,Picayune,MS,39466,MS,11/15/2000,M,04/05/2024,05/01/2024,Bronze 8,01/01/2099,Active,0,369.43,08/31/2024,0,,MS-0002725155,MS-0002725155,1,3373443205,05/01/2024,05/01/2024,
17187369,Blake,Odom,Marcus,Thomas,215 Jessamine St,,Jackson,MS,39203,MS,05/11/2001,M,04/15/2024,05/01/2024,Silver 1 100,01/01/2099,Active,0,387.51,08/31/2024,0,,MS-0002301100,MS-0002301100,1,6015187677,05/01/2024,05/01/2024,
17187369,Blake,Odom,Emanuel,Thompson,1333 Dunn Ave,308,Jacksonville,FL,32218,FL,11/02/1977,M,04/27/2024,05/01/2024,Silver 12 100 with First 4 Primary Care Visits Free,01/01/2099,Active,20.95,537.95,07/31/2024,20.95,,FL-0020424464,FL-0020424464,1,9048856186,02/01/2024,05/01/2024,
17187369,Blake,Odom,Caprice,Thompson,2652 E 71St St,,Cleveland,OH,44104,OH,12/20/1991,F,04/23/2024,05/01/2024,Silver 8 150,01/01/2099,Active,0,606.04,08/31/2024,0,,OH-0003593523,OH-0003593523,2,2163561478,05/01/2024,05/01/2024,
17187369,Blake,Odom,Kandra,Weathers,8862 Macarthur Blvd,,Ypsilanti,MI,48198,MI,09/24/1996,F,04/25/2024,05/01/2024,Silver 8 100,01/01/2099,Active,0,275.29,08/31/2024,0,,MI-0004734110,MI-0004734110,1,7344447814,05/01/2024,06/01/2024,
17187369,Blake,Odom,Marquan,White,2435 E 61St St,,Cleveland,OH,44104,OH,09/12/2013,M,04/23/2024,05/01/2024,Silver 1 100,01/01/2099,Active,0,1121.63,08/31/2024,0,,OH-0004389700,OH-0004114491,6,2165564280,05/01/2024,05/01/2024,
17187369,Blake,Odom,Maurice,White,2435 E 61St St,,Cleveland,OH,44104,OH,06/22/2015,M,04/23/2024,05/01/2024,Silver 1 100,01/01/2099,Active,0,1121.63,08/31/2024,0,,OH-0003574835,OH-0004114491,6,2165564280,05/01/2024,05/01/2024,
17187369,Blake,Odom,Marrion,White,2435 E 61St St,,Cleveland,OH,44104,OH,09/01/2016,M,04/23/2024,05/01/2024,Silver 1 100,01/01/2099,Active,0,1121.63,08/31/2024,0,,OH-0004102828,OH-0004114491,6,2165564280,05/01/2024,05/01/2024,
17187369,Blake,Odom,Messiah,White,2435 E 61St St,,Cleveland,OH,44104,OH,11/11/2011,M,04/23/2024,05/01/2024,Silver 1 100,01/01/2099,Active,0,1121.63,08/31/2024,0,,OH-0003621835,OH-0004114491,6,2165564280,05/01/2024,05/01/2024,
17187369,Blake,Odom,Jarrad,Williams,507 Melrose Ave,,Vicksburg,MS,39180,MS,09/02/1992,M,04/24/2024,05/01/2024,Bronze 8,01/01/2099,Active,0,421.39,08/31/2024,0,,MS-0002711376,MS-0002711376,1,6019219136,05/01/2024,05/01/2024,
17187369,Blake,Odom,Mikeya,Wilson,2652 E 71St St,,Cleveland,OH,44104,OH,09/26/2019,F,04/23/2024,05/01/2024,Silver 8 150,01/01/2099,Active,0,606.04,08/31/2024,0,,OH-0002630079,OH-0003593523,2,2163561478,05/01/2024,05/01/2024,
17187369,Blake,Odom,Taylor,Alsip,64 Blazing Star Ln,,Saint Helena Island,SC,29920,SC,07/27/2001,F,03/21/2024,04/01/2024,Silver 12 100,01/01/2099,Active,0,396.91,08/31/2024,0,,SC-0004083257,SC-0004083257,1,8433217674,04/01/2024,04/01/2024,
17187369,Blake,Odom,Ava,Balgobin,5131 Meadow Oaks Dr,,Coconut Creek,FL,33073,FL,04/03/1994,F,03/14/2024,04/01/2024,Silver 9 100,04/30/2024,Terminated,366.02,426.02,04/30/2024,0,,FL-0020665159,FL-0020665159,1,5613972969,04/01/2024,04/01/2024,04/30/2024
17187369,Blake,Odom,Louis,Bright,112 S Springs Rd,,Columbia,SC,29223,SC,01/03/1970,M,03/05/2024,04/01/2024,Silver 12 100,01/01/2099,Active,0,854.3,08/31/2024,0,,SC-0002275806,SC-0002275806,1,8037193883,04/01/2024,04/01/2024,
17187369,Blake,Odom,Lisa,Bush,422 Wynhurst Ct,,Columbus,MS,39702,MS,04/26/1970,F,03/30/2024,04/01/2024,Bronze 8,04/30/2024,Terminated,0,747.05,04/30/2024,0,,MS-0003501634,MS-0003501634,1,6624351348,04/01/2024,04/01/2024,04/30/2024
17187369,Blake,Odom,Ricky,Butler,786 Stenson Rd,,Vicksburg,MS,39180,MS,04/16/1995,M,03/16/2024,04/01/2024,Bronze 8,01/01/2099,Active,0,395.21,08/31/2024,0,,MS-0003138021,MS-0003138021,1,6012607314,04/01/2024,04/01/2024,
17187369,Blake,Odom,Sabrina,Fair,943 Betsy Dr,,Columbia,SC,29210,SC,12/29/1981,F,03/08/2024,04/01/2024,Silver 12 150,01/01/2099,Active,0,530.19,08/31/2024,0,,SC-0002993980,SC-0002993980,1,8037552929,04/01/2024,04/01/2024,
17187369,Blake,Odom,Bernard,Grooms,79 Aster St,,Columbia,SC,29201,SC,03/03/1965,M,03/05/2024,04/01/2024,Silver 12 150,04/30/2024,Terminated,0,1041.56,04/30/2024,0,,SC-0002850129,SC-0002850129,1,8038585294,04/01/2024,04/01/2024,04/30/2024
17187369,Blake,Odom,Jada,Mcmorris,7651 Garners Ferry Rd,Apt 211,Columbia,SC,29209,SC,02/29/2000,F,03/09/2024,04/01/2024,Silver 12 150,01/01/2099,Active,0,400.14,08/31/2024,0,,SC-0004215959,SC-0004215959,1,2055633043,04/01/2024,04/01/2024,
17187369,Blake,Odom,Martin,Perez,704 Minutemen Dr,,Laredo,TX,78046,TX,12/20/1964,M,03/19/2024,04/01/2024,Gold 8,05/31/2024,Terminated,0,977.49,05/31/2024,0,,TX-0018145661,TX-0018145661,1,9566358806,04/01/2024,05/01/2024,05/31/2024
17187369,Blake,Odom,Zyair,Shephard,610 Mill St,,Cincinnati,OH,45215,OH,06/27/2005,F,03/14/2024,04/01/2024,Silver 8 100,01/01/2099,Active,0,309.05,08/31/2024,0,,OH-0004322921,OH-0004322921,1,5136875772,04/01/2024,04/01/2024,
17187369,Blake,Odom,Keith,Wadley,1361 Stamford Rd,,Ypsilanti,MI,48198,MI,05/18/1974,M,03/13/2024,04/01/2024,Silver 8 100,01/01/2099,Active,0,448.14,08/31/2024,0,,MI-0004338523,MI-0004338523,1,7345075554,04/01/2024,07/01/2024,
17187369,Blake,Odom,Mercedes,Anderson,1509 Woody Dr,,Jackson,MS,39212,MS,10/07/2000,F,02/20/2024,03/01/2024,Silver 1 100,01/01/2099,Active,0,387.51,08/31/2024,0,,MS-0003307671,MS-0003307671,1,6019830028,03/01/2024,03/01/2024,
17187369,Blake,Odom,Victor,Black,3918 Forest Lake Dr,,Jackson,MS,39212,MS,08/25/1987,M,02/15/2024,03/01/2024,Silver 1 100,01/01/2099,Active,0,476.64,08/31/2024,0,,MS-0003418485,MS-0003418485,1,6013450134,03/01/2024,05/01/2024,
17187369,Blake,Odom,Qyera,Brantley,1120 Marthan Rd,,Blythewood,SC,29016,SC,12/19/1994,F,02/20/2024,03/01/2024,Silver 12 100,01/01/2099,Active,0,447.76,08/31/2024,0,,SC-0002435331,SC-0002435331,1,8392243959,03/01/2024,03/01/2024,
17187369,Blake,Odom,Desean,Collins,345 Daniel Lake Blvd,Apt 5A,Jackson,MS,39212,MS,06/21/2005,M,02/19/2024,03/01/2024,Silver 1 100,01/01/2099,Active,0,787.42,08/31/2024,0,,MS-0003240695,MS-0003426609,2,6016722369,03/01/2024,03/01/2024,
17187369,Blake,Odom,Tasha,Collins,345 Daniel Lake Blvd,Apt 5A,Jackson,MS,39212,MS,12/23/1979,F,02/19/2024,03/01/2024,Silver 1 100,01/01/2099,Active,0,787.42,08/31/2024,0,,MS-0003426609,MS-0003426609,2,6016722369,03/01/2024,03/01/2024,
17187369,Blake,Odom,Latisha,Cuttino,120 Orchid Loop,,Saint George,SC,29477,SC,03/21/1982,F,02/21/2024,03/01/2024,Silver 12 100,01/01/2099,Active,0,485.16,08/31/2024,0,,SC-0002664907,SC-0002664907,1,8439001954,03/01/2024,03/01/2024,
17187369,Blake,Odom,Sharron,Johnson,3713 Humphrey Dr,,Columbia,SC,29223,SC,11/01/1966,F,02/29/2024,03/01/2024,Silver 12 150,01/01/2099,Active,0,975.14,08/31/2024,0,,SC-0003492118,SC-0003492118,1,8035744201,03/01/2024,03/01/2024,
17187369,Blake,Odom,Patrick,Kendrick,1024 Wilbur Bickley Rd,,Chapin,SC,29036,SC,01/31/1992,M,03/01/2024,03/01/2024,Silver 1 100,01/01/2099,Active,0,486,08/31/2024,0,,SC-0003055150,SC-0003055150,1,8032764816,03/01/2024,03/01/2024,
17187369,Blake,Odom,Jessica,Robinson,3617 Ardincaple Dr,Apt H,Columbia,SC,29203,SC,08/18/1986,F,02/29/2024,03/01/2024,Silver 1 100,01/01/2099,Active,0,508.6,08/31/2024,0,,SC-0003149743,SC-0003149743,1,8034475696,03/01/2024,03/01/2024,
17187369,Blake,Odom,Melvin,Silas,104 Inway Dr,,Columbia,SC,29223,SC,09/19/1989,M,02/06/2024,03/01/2024,Silver 12 100,01/01/2099,Active,0,485.77,08/31/2024,0,,SC-0004063167,SC-0004063167,1,8033513381,03/01/2024,03/01/2024,
17187369,Blake,Odom,Justin,Stamps,115 Bent Creek Cir N,Apt A,Brandon,MS,39047,MS,01/19/1989,M,02/22/2024,03/01/2024,Bronze 8,01/01/2099,Active,0,444.3,08/31/2024,0,,MS-0002378068,MS-0002378068,1,6626078150,03/01/2024,03/01/2024,
17187369,Blake,Odom,Keith,Walker,1750 Dover Ct,,Ypsilanti,MI,48198,MI,06/14/1973,M,02/06/2024,03/01/2024,Silver 8 100,01/01/2099,Active,0,469.16,08/31/2024,0,,MI-0003913273,MI-0003913273,1,7346746211,03/01/2024,06/01/2024,
17187369,Blake,Odom,Gene,Walker,4320 Kalamazoo Ave Se,Apt 421,Grand Rapids,MI,49508,MI,03/14/1978,M,02/03/2024,03/01/2024,Silver 8 100,01/01/2099,Active,0,424.14,08/31/2024,0,,MI-0003775304,MI-0003775304,1,6163752209,03/01/2024,07/01/2024,
17187369,Blake,Odom,Shanique,Adderley,352 Nw 62Nd Ter Apt 352,,Miami,FL,33150,FL,08/12/1983,F,01/11/2024,02/01/2024,Silver 1 100 with Adult Vision Services,03/31/2024,Terminated,18.62,504.62,03/31/2024,0,,FL-0020314737,FL-0020314737,1,7866476271,02/01/2024,02/01/2024,03/31/2024
17187369,Blake,Odom,Annakaye,Bond,112 Bahl Ave,,Mansfield,OH,44905,OH,11/20/1982,F,01/09/2024,02/01/2024,Silver 8 100,01/01/2099,Active,0,525.2,08/31/2024,0,,OH-0003436752,OH-0003436752,1,5672742728,02/01/2024,07/01/2024,
17187369,Blake,Odom,Daniel,Booth,132 Farmington Rd,,Columbia,SC,29223,SC,04/16/1997,M,01/23/2024,02/01/2024,Silver 1 100,01/01/2099,Active,0,420.68,08/31/2024,0,,SC-0002472986,SC-0002472986,1,8036831794,02/01/2024,02/01/2024,
17187369,Blake,Odom,Kenny,Brooks,5516 Queen Mary Ln,,Jackson,MS,39209,MS,05/18/1991,M,01/18/2024,02/01/2024,Bronze 8,01/01/2099,Active,0,430.12,08/31/2024,0,,MS-0003301207,MS-0003301207,1,6018358463,02/01/2024,05/01/2024,
17187369,Blake,Odom,Nathan,Brown,1631 Maria Dr,,Jackson,MS,39204,MS,10/13/1994,M,01/25/2024,02/01/2024,Bronze 8,01/01/2099,Active,0,406.85,08/31/2024,0,,MS-0002713772,MS-0002713772,1,6019276925,02/01/2024,02/01/2024,
17187369,Blake,Odom,Khamiree,Byther,365 W Northside Dr,Apt 3E,Jackson,MS,39206,MS,08/29/2019,F,01/25/2024,02/01/2024,Bronze 8,01/01/2099,Active,0,595.91,08/31/2024,0,,MS-0003235694,MS-0002911199,2,6012912857,02/01/2024,02/01/2024,
17187369,Blake,Odom,Charlene,Byther,365 W Northside Dr,Apt 3E,Jackson,MS,39206,MS,12/31/1998,F,01/25/2024,02/01/2024,Bronze 8,01/01/2099,Active,0,595.91,08/31/2024,0,,MS-0002911199,MS-0002911199,2,6012912857,02/01/2024,02/01/2024,
17187369,Blake,Odom,Sophonie Leah,Cadet,1180 Ne 144Th St,,North Miami,FL,33161,FL,12/31/2019,F,12/21/2023,02/01/2024,Silver 9 100,01/01/2099,Active,0,1346.1,02/29/2024,0,,FL-0019522450,FL-0006009720,4,7864915067,02/01/2024,02/01/2024,
17187369,Blake,Odom,Jaselyne Sarah,Cadet,1180 Ne 144Th St,,North Miami,FL,33161,FL,01/02/2015,F,12/21/2023,02/01/2024,Silver 9 100,01/01/2099,Active,0,1346.1,02/29/2024,0,,FL-0019391400,FL-0006009720,4,7864915067,02/01/2024,02/01/2024,
17187369,Blake,Odom,Samuel Junior,Cadet,1180 Ne 144Th St,,North Miami,FL,33161,FL,04/11/2017,M,12/21/2023,02/01/2024,Silver 9 100,01/01/2099,Active,0,1346.1,02/29/2024,0,,FL-0020552148,FL-0006009720,4,7864915067,02/01/2024,02/01/2024,
17187369,Blake,Odom,Ashawan,Chancellor,2110 Saint Charles St,,Jackson,MS,39209,MS,07/25/1997,F,01/25/2024,02/01/2024,Silver 1 100,01/01/2099,Active,0,396.81,08/31/2024,0,,MS-0002569150,MS-0002569150,1,6014526634,02/01/2024,02/01/2024,
17187369,Blake,Odom,Eboni,Cole,348 N Flag Chapel Rd,Apt K6,Jackson,MS,39209,MS,07/05/2014,F,01/28/2024,02/01/2024,Silver 1 100,01/01/2099,Active,0,1073.4,08/31/2024,0,,MS-0002332690,MS-0002733998,3,6016131610,02/01/2024,02/01/2024,
17187369,Blake,Odom,Lamikeal,Cole,348 N Flag Chapel Rd,Apt K6,Jackson,MS,39209,MS,07/05/2006,M,01/28/2024,02/01/2024,Silver 1 100,01/01/2099,Active,0,1073.4,08/31/2024,0,,MS-0003116258,MS-0002733998,3,6016131610,02/01/2024,02/01/2024,
17187369,Blake,Odom,Jasmin,Crespo,1600 Lisa Ln,,Kissimmee,FL,34744,FL,10/10/1985,F,01/06/2024,02/01/2024,Silver 1 100 with Adult Vision Services,03/31/2024,Terminated,19.75,493.75,02/29/2024,0,,FL-0016814639,FL-0016814639,1,4079626157,02/01/2024,02/01/2024,03/31/2024
17187369,Blake,Odom,Dwan,Davis,3590 Liberty St,,Jackson,MS,39213,MS,01/28/1986,M,01/30/2024,02/01/2024,Silver 1 100,01/01/2099,Active,0,482.84,08/31/2024,0,,MS-0003378849,MS-0003378849,1,7692138909,02/01/2024,02/01/2024,
17187369,Blake,Odom,Broderick,Gaines,809 Old Oak Dr,,Columbia,SC,29203,SC,11/07/1979,M,01/17/2024,02/01/2024,Silver 12 100,01/01/2099,Active,0,559,08/31/2024,0,,SC-0003551895,SC-0003551895,1,8034971723,02/01/2024,02/01/2024,
17187369,Blake,Odom,Sir John Na-Tea,Green,895 Wymore Rd Apt 995,,Altamonte Springs,FL,32714,FL,02/20/1995,M,01/23/2024,02/01/2024,Silver 1 100 with Adult Vision Services,01/01/2099,Active,4.61,442.61,07/31/2024,4.61,,FL-0020061153,FL-0020061153,1,4076908326,02/01/2024,02/01/2024,
17187369,Blake,Odom,Anthony,Gregory,3434 Braeburn Cir,,Ann Arbor,MI,48108,MI,01/31/1979,M,11/22/2023,02/01/2024,Silver 8 100,01/01/2099,Active,0,366.97,08/31/2024,0,,MI-0004096294,MI-0004096294,1,7346352915,01/01/2024,06/01/2024,
17187369,Blake,Odom,Warren,Hagans,161 Westbridge Rd,,Columbia,SC,29223,SC,01/16/1984,M,01/24/2024,02/01/2024,Silver 12 100,01/01/2099,Active,0,511.38,08/31/2024,0,,SC-0003719296,SC-0003719296,1,8038780712,02/01/2024,02/01/2024,
17187369,Blake,Odom,Anita,Harris,81 Union St,,Bedford,OH,44146,OH,08/02/1967,F,01/29/2024,02/01/2024,Silver 8 100,01/01/2099,Active,0,725.82,08/31/2024,0,,OH-0003526852,OH-0003526852,1,2167033854,02/01/2024,06/01/2024,
17187369,Blake,Odom,Nicholas,Hayes,2803 Shandon Pl,,Columbia,SC,29205,SC,07/09/1996,M,01/24/2024,02/01/2024,Silver 12 100,01/01/2099,Active,0,419.35,08/31/2024,0,,SC-0002871128,SC-0002871128,1,8039151381,02/01/2024,02/01/2024,
17187369,Blake,Odom,Iderrious,Jacobs,224 Lewis Scott Ct,,Eastover,SC,29044,SC,09/20/1994,M,01/24/2024,02/01/2024,Silver 1 100,01/01/2099,Active,0,459.71,08/31/2024,0,,SC-0002660017,SC-0002660017,1,8034044710,02/01/2024,02/01/2024,
17187369,Blake,Odom,Darrin,Kelly,3809 Skyline Dr,,Jackson,MS,39213,MS,04/07/1989,M,01/25/2024,02/01/2024,Bronze 8,01/01/2099,Active,0,441.39,08/31/2024,0,,MS-0002954215,MS-0002954215,1,6019669777,02/01/2024,02/01/2024,
17187369,Blake,Odom,Marcus,Lester,519 Jared Dr,,Brandon,MS,39042,MS,04/18/1986,M,01/09/2024,02/01/2024,Silver 1 100,01/01/2099,Active,0,479.74,08/31/2024,0,,MS-0002490366,MS-0002490366,1,7695678900,02/01/2024,05/01/2024,
17187369,Blake,Odom,Larry,Levy,3170 Santa Clair Cir,,Jackson,MS,39212,MS,12/08/1987,M,01/16/2024,02/01/2024,Silver 1 100,01/01/2099,Active,0,476.64,08/31/2024,0,,MS-0002714843,MS-0002714843,1,6015456789,01/01/2024,06/01/2024,
17187369,Blake,Odom,Peyton,Lewis,348 N Flag Chapel Rd,Apt N6,Jackson,MS,39209,MS,03/25/2013,F,01/28/2024,02/01/2024,Silver 1 100,01/01/2099,Active,0,925.76,08/31/2024,0,,MS-0002363680,MS-0002589724,3,6823672113,02/01/2024,02/01/2024,
17187369,Blake,Odom,Kadesha,Lewis,348 N Flag Chapel Rd,Apt N6,Jackson,MS,39209,MS,12/07/1994,F,01/28/2024,02/01/2024,Silver 1 100,01/01/2099,Active,0,925.76,08/31/2024,0,,MS-0002589724,MS-0002589724,3,6823672113,02/01/2024,02/01/2024,
17187369,Blake,Odom,Debra,Marshmon,104 Bolter Ln,,Elgin,SC,29045,SC,11/13/1960,F,01/29/2024,02/01/2024,Silver 1 100,01/01/2099,Active,0,1212.75,08/31/2024,0,,SC-0002452941,SC-0002452941,1,8328161672,02/01/2024,02/01/2024,
17187369,Blake,Odom,Adai,Mccarty,348 N Flag Chapel Rd,Apt N6,Jackson,MS,39209,MS,05/07/2018,F,01/28/2024,02/01/2024,Silver 1 100,01/01/2099,Active,0,925.76,08/31/2024,0,,MS-0002831048,MS-0002589724,3,6823672113,02/01/2024,02/01/2024,
17187369,Blake,Odom,Breon,Murray,130 Spears Creek Church Ln,,Elgin,SC,29045,SC,01/10/1992,M,01/23/2024,02/01/2024,Silver 1 100,01/01/2099,Active,0,486,08/31/2024,0,,SC-0002976145,SC-0002976145,1,8032439587,02/01/2024,02/01/2024,
17187369,Blake,Odom,Cedrik,Pearson,205 Tabor Dr,,Columbia,SC,29203,SC,10/16/1993,M,01/24/2024,02/01/2024,Silver 12 100,01/01/2099,Active,0,454.16,08/31/2024,0,,SC-0002783643,SC-0002783643,1,8032389042,02/01/2024,02/01/2024,
17187369,Blake,Odom,Josie,Sigala,829 Queen Elizabeth,# 829,Arlington,TX,76017,TX,08/10/1984,F,01/07/2024,02/01/2024,Gold 1 with Adult Vision Services,01/01/2099,Active,42.45,531.45,07/31/2024,0,,TX-0016926153,TX-0016926153,1,8179015703,02/01/2024,04/01/2024,
17187369,Blake,Odom,Destini,Simmons,124 York Dr,,Jackson,MS,39209,MS,06/08/1997,F,01/28/2024,02/01/2024,Silver 1 100,01/01/2099,Active,0,642.88,08/31/2024,0,,MS-0002296080,MS-0002296080,2,7692681391,02/01/2024,02/01/2024,
17187369,Blake,Odom,Lawanda,Steel,348 N Flag Chapel Rd,Apt K6,Jackson,MS,39209,MS,05/04/1977,F,01/28/2024,02/01/2024,Silver 1 100,01/01/2099,Active,0,1073.4,08/31/2024,0,,MS-0002733998,MS-0002733998,3,6016131610,02/01/2024,02/01/2024,
17187369,Blake,Odom,Dekasier,Thomas,124 York Dr,,Jackson,MS,39209,MS,01/19/2020,M,01/28/2024,02/01/2024,Silver 1 100,01/01/2099,Active,0,642.88,08/31/2024,0,,MS-0003160635,MS-0002296080,2,7692681391,02/01/2024,02/01/2024,
17187369,Blake,Odom,Daron,Allen,129 Arbor Pointe Dr,,Battle Creek,MI,49037,MI,05/03/1992,M,06/23/2023,01/01/2024,Silver 8 100,01/31/2024,Terminated,0.08,380.08,12/31/2023,0,,MI-0003722946,MI-0003722946,1,7163781058,07/01/2023,01/01/2024,01/31/2024
17187369,Blake,Odom,Hugo,Ambrosiani Rodriguez,4408 Kennedy Ct,,Jacksonville,FL,32207,FL,12/25/1980,M,07/14/2023,01/01/2024,Silver 1 100,01/01/2099,Active,20.61,488.61,06/30/2024,41.22,09/30/2024,FL-0014249841,FL-0014249841,1,9045203228,08/01/2023,01/01/2024,
17187369,Blake,Odom,Jeremy,Anderson,115 Virgin Mary Rd,,Canton,MS,39046,MS,08/25/1997,M,11/22/2023,01/01/2024,Bronze 8,01/01/2099,Active,0,372.31,08/31/2024,0,,MS-0003493602,MS-0003493602,1,6017411911,01/01/2024,04/01/2024,
17187369,Blake,Odom,Nadyelli,Baez,1105 Persimmon Dr,,Middleburg,FL,32068,FL,05/03/2003,F,12/17/2022,01/01/2024,Bronze 8,01/01/2099,Active,0,1338.65,08/31/2024,0,,FL-0016908332,FL-0017054119,4,9045232966,01/01/2023,01/01/2024,
17187369,Blake,Odom,Alanys,Baez,1105 Persimmon Dr,,Middleburg,FL,32068,FL,10/02/2005,F,12/17/2022,01/01/2024,Bronze 8,01/01/2099,Active,0,1338.65,08/31/2024,0,,FL-0016789764,FL-0017054119,4,9045232966,01/01/2023,01/01/2024,
17187369,Blake,Odom,Javier,Baez Torres,1105 Persimmon Dr,,Middleburg,FL,32068,FL,12/11/1979,M,12/17/2022,01/01/2024,Bronze 8,01/01/2099,Active,0,1338.65,08/31/2024,0,,FL-0017054119,FL-0017054119,4,9045232966,01/01/2023,01/01/2024,
17187369,Blake,Odom,Tricia,Beeney,1122 Cesar E Chavez Ave Sw,,Grand Rapids,MI,49503,MI,07/10/1984,F,11/26/2023,01/01/2024,Silver 8 100,01/01/2099,Active,0,370.68,08/31/2024,0,,MI-0003852865,MI-0003852865,1,6169197246,01/01/2024,07/01/2024,
17187369,Blake,Odom,Larry,Blackmore Jr,1511 Spring St,,Vicksburg,MS,39180,MS,09/24/1993,M,12/14/2023,01/01/2024,Silver 1 100,01/01/2099,Active,0,439.82,08/31/2024,0,,MS-0002894970,MS-0002894970,1,7692793097,01/01/2024,01/01/2024,
17187369,Blake,Odom,Courtney,Brown,5706 Bailey St,,Columbia,SC,29203,SC,08/03/1995,F,03/31/2023,01/01/2024,Silver 1 100,06/30/2024,Terminated,0,760.84,06/20/2024,0,,SC-0002909813,SC-0002909813,2,8035604753,04/01/2023,04/01/2024,06/30/2024
17187369,Blake,Odom,Napoleon,Burks,509 Ford Ave,,Jackson,MS,39209,MS,01/12/1960,M,12/14/2023,01/01/2024,Bronze 8,01/01/2099,Active,0,1073.29,08/31/2024,0,,MS-0002787832,MS-0002787832,1,6019188109,01/01/2024,01/01/2024,
17187369,Blake,Odom,Steven,Cercy,2916 Vinewood Pl,,Green Cove Springs,FL,32043,FL,01/13/1988,M,01/24/2023,01/01/2024,Silver 1 100,01/01/2099,Active,0,442.93,08/31/2024,0,,FL-0016952176,FL-0016952176,1,9045050912,02/01/2023,04/01/2024,
17187369,Blake,Odom,Davy,Chambers,1118 Bemis St Se,,Grand Rapids,MI,49506,MI,01/01/1970,M,06/30/2023,01/01/2024,Silver 8 100,01/01/2099,Active,0,627.1,08/31/2024,0,,MI-0003222907,MI-0003222907,1,6163235025,07/01/2023,07/01/2024,
17187369,Blake,Odom,Derrick,Clark,1033 Quinn St,,Jackson,MS,39202,MS,01/25/1980,M,11/28/2023,01/01/2024,Silver 1 100,01/01/2099,Active,0,525.85,08/31/2024,0,,MS-0003065603,MS-0003065603,1,6624567890,01/01/2024,06/01/2024,
17187369,Blake,Odom,Vanessa,Collins,19219 Euclid Ave,Apt 527,Euclid,OH,44117,OH,03/29/1965,F,11/16/2023,01/01/2024,Silver 8 100,01/01/2099,Active,0,792.71,08/31/2024,0,,OH-0002607273,OH-0002607273,1,2165075758,01/01/2024,06/01/2024,
17187369,Blake,Odom,Asia,Currence,4017 Percival Rd,Apt 3223,Columbia,SC,29229,SC,07/16/1985,F,03/01/2023,01/01/2024,Silver 8 100,01/01/2099,Active,12.91,524.91,07/31/2024,12.91,,SC-0003396494,SC-0003396494,1,6469200076,03/01/2023,04/01/2024,
17187369,Blake,Odom,Sonja,Entzminger,3800 West Ave Apt 314,,Columbia,SC,29203,SC,08/05/1963,F,09/08/2023,01/01/2024,Silver 8 100,01/01/2099,Active,28.35,1143.35,08/31/2024,0,,SC-0002679894,SC-0002679894,1,8038770566,10/01/2023,04/01/2024,
17187369,Blake,Odom,Sarah,Fonseca Mendez,1050 Ne 211Th Ter,,North Miami Beach,FL,33179,FL,03/03/1972,F,08/25/2023,01/01/2024,Silver 1 100 with Adult Vision Services,01/01/2099,Active,28.4,736.4,07/31/2024,28.4,,FL-0010331649,FL-0010331649,1,3055612777,09/01/2023,01/01/2024,
17187369,Blake,Odom,Cedric,Garner,209 Wilkes Rd,,Columbia,SC,29203,SC,08/19/1962,M,02/14/2023,01/01/2024,Silver 8 100,01/01/2099,Active,28.79,1183.79,07/31/2024,28.79,,SC-0003271927,SC-0003271927,1,8035289434,03/01/2023,04/01/2024,
17187369,Blake,Odom,Charsene,Gilmore,4837 Norman St,,Columbia,SC,29203,SC,10/07/1960,F,08/18/2023,01/01/2024,Silver 8 100,01/01/2099,Active,30.61,1243.61,08/31/2024,0,,SC-0003423804,SC-0003423804,1,8033631189,09/01/2023,04/01/2024,
17187369,Blake,Odom,Antonio,Hall,7225 Firelane Rd,Apt D4,Columbia,SC,29223,SC,10/13/1977,M,12/15/2022,01/01/2024,Silver 8 100,01/01/2099,Active,14.92,631.92,06/30/2024,29.84,09/30/2024,SC-0002620277,SC-0002620277,1,8034668047,01/01/2023,04/01/2024,
17187369,Blake,Odom,Major,Hinnant,657 Glenthorne Rd,,Columbia,SC,29203,SC,12/03/1965,M,01/11/2023,01/01/2024,Silver 8 100,01/01/2099,Active,26.42,1073.42,06/30/2024,52.84,09/30/2024,SC-0003300743,SC-0003300743,1,8033484036,02/01/2023,04/01/2024,
17187369,Blake,Odom,Destiny,Johnson,660 North St,,Bamberg,SC,29003,SC,10/31/2000,F,12/12/2022,01/01/2024,Silver 8 100,01/01/2099,Active,22.79,369.79,07/31/2024,22.79,,SC-0003035240,SC-0003035240,1,8035964770,01/01/2023,04/01/2024,
17187369,Blake,Odom,Latresa,Jolly,2922 1/2 E Jefferson St,,Orlando,FL,32803,FL,05/07/1977,F,10/15/2022,01/01/2024,Bronze 4,01/01/2099,Active,0,568.01,08/31/2024,0,,FL-0012456641,FL-0012456641,1,4075793530,11/01/2022,04/01/2024,
17187369,Blake,Odom,Lawrence,Lewis,506 N Miami Ave,,Ypsilanti,MI,48198,MI,01/03/1960,M,11/28/2023,01/01/2024,Silver 8 100,01/01/2099,Active,0,775.45,08/31/2024,0,,MI-0004088447,MI-0004088447,1,3132653434,01/01/2024,07/01/2024,
17187369,Blake,Odom,Dagmari,Lopez Retamar,1105 Persimmon Dr,,Middleburg,FL,32068,FL,10/18/1980,F,12/17/2022,01/01/2024,Bronze 8,01/01/2099,Active,0,1338.65,08/31/2024,0,,FL-0017093533,FL-0017054119,4,9045232966,01/01/2023,01/01/2024,
17187369,Blake,Odom,Whitman Javier,Martinez Mendoza,20491 Manta Dr,,Cutler Bay,FL,33189,FL,03/23/1984,M,06/24/2023,01/01/2024,Silver 9 100,01/01/2099,Active,9.44,488.44,08/31/2024,-4.56,,FL-0017024333,FL-0017024333,1,3059928473,07/01/2023,01/01/2024,
17187369,Blake,Odom,Jakeisia,Minor,303 Linda St,,Vicksburg,MS,39180,MS,08/02/2000,F,12/13/2023,01/01/2024,Bronze 8,01/01/2099,Active,0,363.58,08/31/2024,0,,MS-0002312096,MS-0002312096,1,6012189411,01/01/2024,01/01/2024,
17187369,Blake,Odom,Andrew,Moyle,10960 Town Ter Apt 306,,Royal Palm Beach,FL,33414,FL,12/27/1988,M,01/28/2023,01/01/2024,Silver 1 100 with Adult Vision Services,01/01/2099,Active,24.58,494.58,08/31/2024,-98.32,,FL-0011104485,FL-0011104485,1,5618867878,02/01/2023,04/01/2024,
17187369,Blake,Odom,Drake,Oh,19925 Mauer St,,Saint Clair Shores,MI,48080,MI,04/14/2012,M,01/01/2021,01/01/2024,Silver 1 100 with Adult Vision Services,01/01/2099,Active,68.35,731.35,07/31/2024,0,,MI-0004041212,MI-0003758345,2,3134786076,01/01/2021,04/01/2024,
17187369,Blake,Odom,Jin,Oh,19925 Mauer St,,Saint Clair Shores,MI,48080,MI,11/09/1973,M,01/01/2021,01/01/2024,Silver 1 100 with Adult Vision Services,01/01/2099,Active,68.35,731.35,07/31/2024,0,,MI-0003758345,MI-0003758345,2,3134786076,01/01/2021,04/01/2024,
17187369,Blake,Odom,Angela,Owen,3325 S Jennings Ave,,Ft Worth,TX,76110,TX,06/07/1975,F,02/17/2023,01/01/2024,Gold 8,01/01/2099,Active,75.8,708.8,06/30/2024,75.6,09/30/2024,TX-0008516239,TX-0008516239,1,2145587278,03/01/2023,04/01/2024,
17187369,Blake,Odom,Andrew,Pierce,857 Taffy Ln,,Muskegon,MI,49442,MI,05/25/1995,M,12/06/2023,01/01/2024,Gold 1,01/01/2099,Active,0,318.65,08/31/2024,0,,MI-0003609264,MI-0003609264,1,9548684323,01/01/2024,01/01/2024,
17187369,Blake,Odom,Jerome,Pinckney,225 Connie Dr,,Columbia,SC,29210,SC,11/18/1992,M,12/27/2023,01/01/2024,Silver 12 100,01/01/2099,Active,0,463.76,08/31/2024,0,,SC-0003547805,SC-0003547805,1,8036267200,01/01/2024,02/01/2024,
17187369,Blake,Odom,Sherod,Praylow,3078 Vista Towers Dr,Appt 3078,Columbia,SC,29201,SC,05/30/1986,M,01/12/2023,01/01/2024,Silver 8 100,01/01/2099,Active,12.54,521.54,12/31/2023,0,,SC-0002333295,SC-0002333295,1,8032059471,02/01/2023,04/01/2024,
17187369,Blake,Odom,Samantha,Reaves,838 Brandon Ave,,Jackson,MS,39209,MS,01/05/1999,F,12/14/2023,01/01/2024,Silver 1 100,01/01/2099,Active,0,387.51,08/31/2024,0,,MS-0003172955,MS-0003172955,1,7694443166,01/01/2024,05/01/2024,
17187369,Blake,Odom,Warren,Robinson,5959 Fort Caroline Rd,Apt 3502,Jacksonville,FL,32277,FL,08/20/1967,M,12/15/2023,01/01/2024,Silver 1 100,01/01/2099,Active,36.04,840.04,06/30/2024,72.08,09/30/2024,FL-0013693794,FL-0013693794,1,9048672908,01/01/2024,01/01/2024,
17187369,Blake,Odom,David,Sewell,225 Commerce Ave Sw,,Grand Rapids,MI,49503,MI,12/07/1981,M,10/17/2023,01/01/2024,Silver 8 100,01/01/2099,Active,0,389.18,08/31/2024,0,,MI-0002863306,MI-0002863306,1,6162720925,11/01/2023,07/01/2024,
17187369,Blake,Odom,Dennis,Stringham,925 Auburndale Ave,,Ypsilanti,MI,48198,MI,02/13/1977,M,11/16/2023,01/01/2024,Silver 8 100,01/01/2099,Active,0,394.03,08/31/2024,0,,MI-0003649881,MI-0003649881,1,7343733053,01/01/2024,05/01/2024,
17187369,Blake,Odom,Monet,Sumter,5105 N Main Street,House B,Columbia,SC,29203,SC,10/01/2002,F,10/01/2023,01/01/2024,Silver 8 100,01/01/2099,Active,10.28,421.28,07/31/2024,10.28,,SC-0003150991,SC-0003150991,1,8034672433,10/01/2023,04/01/2024,
17187369,Blake,Odom,Neashia,Thomas,3731 Trowbridge Ave,,Cleveland,OH,44109,OH,12/02/2004,F,12/21/2023,01/01/2024,Silver 8 100,01/01/2099,Active,0,292.75,08/31/2024,0,,OH-0003593322,OH-0003593322,1,2167851580,01/01/2024,05/01/2024,
17187369,Blake,Odom,Carmillia,Thomas,2732W E Benwood Dr,,Jackson,MS,39204,MS,11/20/1997,F,11/11/2023,01/01/2024,Silver 1 100,01/01/2099,Active,0,396.81,08/31/2024,0,,MS-0002347206,MS-0002347206,1,6019534525,01/01/2024,05/01/2024,
17187369,Blake,Odom,Tristian,Thompson,5706 Bailey St,,Columbia,SC,29203,SC,11/17/2016,M,03/31/2023,01/01/2024,Silver 1 100,06/30/2024,Terminated,0,760.84,06/20/2024,0,,SC-0002874409,SC-0002909813,2,8035604753,04/01/2023,04/01/2024,06/30/2024
17187369,Blake,Odom,Angela,Timpson,2725 Springmont St,,Jacksonville,FL,32207,FL,01/21/1997,F,11/16/2022,01/01/2024,Silver 1 100,01/01/2099,Active,15.71,368.71,06/30/2024,13.42,09/30/2024,FL-0015522574,FL-0015522574,1,9042909500,01/01/2023,04/01/2024,
17187369,Blake,Odom,Benjamin,Villanueva,4115 Culpeper Ct,,West Palm Beach,FL,33409,FL,03/12/1961,M,01/13/2023,01/01/2024,Bronze 8,01/01/2099,Active,439.25,919.25,08/31/2024,0,,FL-0017030237,FL-0017030237,1,5614604764,02/01/2023,04/01/2024,
17187369,Blake,Odom,Latoya,Warfield,103 Boykin Dr,,Vicksburg,MS,39180,MS,10/27/1985,F,12/14/2023,01/01/2024,Silver 1 100,01/01/2099,Active,0,482.84,08/31/2024,0,,MS-0002517689,MS-0002517689,1,7692824474,01/01/2024,01/01/2024,
